"11Giraffes","https://manage.11giraffes.com/","{\"learned_xpath_password_xpath\": \"/html/body/form/div[2]/div[6]/div/table/tbody/tr[1]/td/div/table/tbody/tr[1]/td/table/tbody/tr[4]/td/input\", \"learned_xpath_username_xpath\": \"/html/body/form/div[2]/div[6]/div/table/tbody/tr[1]/td/div/table/tbody/tr[1]/td/table/tbody/tr[2]/td/input\", \"learned_xpath_username\": \"#ctl00_ContentPlaceHolder1_LoginView1_Login1_UserName\", \"learned_doc_id_username\": \"-1\", \"learned_xpath_click_xpath\": \"/html/body/form/div[2]/div[6]/div/table/tbody/tr[1]/td/div/table/tbody/tr[1]/td/table/tbody/tr[7]/td/input\", \"learned_xpath_click\": \"#ctl00_ContentPlaceHolder1_LoginView1_Login1_LoginButton\", \"learned_doc_id_password\": \"-1\", \"learned_doc_id_click\": \"-1\", \"learned_xpath_password\": \"#ctl00_ContentPlaceHolder1_LoginView1_Login1_Password\"}"
"24SevenOffice","https://app.24sevenoffice.com/login/","{\"learned_xpath_click\": \"#btnLogin\", \"learned_xpath_password\": \"#pw\", \"learned_xpath_username\": \"#un\"}"
"4imprint","https://secure.4imprint.com/registration/login.aspx","{\"learned_xpath_click\": \"#ContentPlaceHolder1_login1_btnLogin\", \"learned_xpath_password\": \"#ContentPlaceHolder1_login1_txtPassword\", \"learned_xpath_username\": \"#ContentPlaceHolder1_login1_txtEmail\"}"
"8X8 Account Manager","https://sso.8x8.com/login/acctmgr","{\"learned_xpath_password_xpath\": \"/html/body/div[3]/div/div/div/div[2]/div/ul/li[2]/div/form/div/div[2]/div/input\", \"learned_xpath_username_xpath\": \"/html/body/div[3]/div/div/div/div[2]/div/ul/li[2]/div/form/div/div/div/input\", \"learned_xpath_username\": \"#username\", \"learned_doc_id_username\": \"-1\", \"learned_xpath_click_xpath\": \"/html/body/div[3]/div/div/div/div[2]/div/ul/li[2]/div/form/div/div[3]/button\", \"learned_xpath_click\": \"#loginSubmit\", \"learned_doc_id_password\": \"-1\", \"learned_doc_id_click\": \"-1\", \"learned_xpath_password\": \"#txtPassword\"}"
"8X8 Virtual Office","https://sso.8x8.com/login/uc","{\"learned_xpath_password_xpath\": \"/html/body/div[3]/div/div/div/div[2]/div/ul/li[2]/div/form/div/div[2]/div/input\", \"learned_xpath_username_xpath\": \"/html/body/div[3]/div/div/div/div[2]/div/ul/li[2]/div/form/div/div/div/input\", \"learned_xpath_username\": \"#username\", \"learned_doc_id_username\": \"-1\", \"learned_xpath_click_xpath\": \"/html/body/div[3]/div/div/div/div[2]/div/ul/li[2]/div/form/div/div[3]/button\", \"learned_xpath_click\": \"#loginSubmit\", \"learned_doc_id_password\": \"-1\", \"learned_doc_id_click\": \"-1\", \"learned_xpath_password\": \"#txtPassword\"}"
"Acapela Group","http://www.acapela-vaas.com/","{\"learned_xpath_click\": \"INPUT[type\\u003d\\u0027submit\\u0027][value\\u003d\\u0027login\\u0027]\", \"learned_xpath_password\": \"INPUT[type\\u003d\\u0027password\\u0027][name\\u003d\\u0027password\\u0027]\", \"learned_xpath_username\": \"INPUT[type\\u003d\\u0027text\\u0027][name\\u003d\\u0027login\\u0027]\"}"
"AccelOps Customer Support Portal","https://accelops.zendesk.com/access/unauthenticated#login","{\"learned_xpath_username\": \"#user_email\", \"learned_doc_id_username\": \"0\", \"learned_xpath_click\": \"INPUT[type\\u003d\\u0027submit\\u0027][name\\u003d\\u0027commit\\u0027][class\\u003d\\u0027button primary\\u0027]\", \"learned_doc_id_password\": \"0\", \"learned_doc_id_click\": \"0\", \"learned_xpath_password\": \"#user_password\"}"
"Accept360","http://help.accept360.com/login.action","{\"learned_xpath_click\": \"#loginButton\", \"learned_xpath_password\": \"#os_password\", \"learned_xpath_username\": \"#os_username\"}"
"Accertify","https://sites.accertify.com/Login/","{\"learned_xpath_click\": \"#ctl00_RegionPage_RegionMainWrapperContainer_RegionContentFullWidth_RegionMainContent_buttonLogin\", \"learned_xpath_password\": \"#txtPassword\", \"learned_xpath_username\": \"#txtUsername\"}"
"AccessLine","https://exchange.intermedia.net/ControlPanel/Login","{\"learned_xpath_click\": \"BUTTON[type\\u003d\\u0027submit\\u0027][class\\u003d\\u0027btn m-success m-large login-form-button\\u0027]\", \"learned_xpath_password\": \"#Password\", \"learned_xpath_username\": \"#Login\"}"
"Accompa","https://www.accompa.com/login.html","{\"learned_xpath_click\": \"#cmd_submit\", \"learned_xpath_password\": \"#txt_password\", \"learned_xpath_username\": \"#txt_email\"}"
"Accounting Research Manager","https://ui-login.accountingresearchmanager.com/?resume=/idp/ybQ4P/resumeSAML20/idp/SSO.ping&loginPageMode=CLASSIC&IpClient=125.212.208.58&PF_TargetResource=http%3A%2F%2Fwww.accountingresearchmanager.com%2F%23%2Fhome&loginPageType=STANDARD&currentCPID=WKUS-TAL-ARM#/login","{\"learned_xpath_password_xpath\": \"/html/body/div/login-horizontal-layout/div/div/form/div/div[2]/div[2]/input\", \"learned_xpath_username_xpath\": \"/html/body/div/login-horizontal-layout/div/div/form/div/div[2]/div/input\", \"learned_xpath_username\": \"#login\", \"learned_doc_id_username\": \"-1\", \"learned_xpath_click_xpath\": \"/html/body/div/login-horizontal-layout/div/div/form/button\", \"learned_xpath_click\": \"#vLogin\", \"learned_doc_id_password\": \"-1\", \"learned_doc_id_click\": \"-1\", \"learned_xpath_password\": \"#password\"}"
"AccuConference","https://www.yourconferencecenter.com/accuconference/index.html","{\"learned_xpath_click\": \"INPUT[type\\u003d\\u0027submit\\u0027][class\\u003d\\u0027submitButton\\u0027][name\\u003d\\u0027submit\\u0027]\", \"learned_xpath_password\": \"#txtPassword\", \"learned_xpath_username\": \"#txtLoginName\"}"
"AccuLynx","https://my.acculynx.com/signin","{\"learned_xpath_click\": \"BUTTON[class\\u003d\\u0027button button-solid\\u0027][tabindex\\u003d\\u00274\\u0027]\", \"learned_xpath_password\": \"#Password\", \"learned_xpath_username\": \"#Email\"}"
"Achieve3000","https://www.mykplan.com/sponsorsecure_net/login.aspx","{\"learned_xpath_click\": \"#_ctl0_PageContent_Submit1\", \"learned_xpath_password\": \"INPUT[type\\u003d\\u0027password\\u0027][placeholder\\u003d\\u0027Password\\u0027][maxlength\\u003d\\u002725\\u0027][name\\u003d\\u0027PIN\\u0027][autocomplete\\u003d\\u0027off\\u0027][data-role\\u003d\\u0027none\\u0027]\", \"learned_xpath_username\": \"#txtUserID\"}"
"Act-On Software","https://www.actonsoftware.com/acton/account/login.jsp","{\"learned_xpath_click\": \"#loginbutton\", \"learned_xpath_password\": \"#pw\", \"learned_xpath_username\": \"#login\"}"
"ActionHRM","http://www.actionhrm.com/user","{\"learned_xpath_click\": \"#edit-submit\", \"learned_xpath_password\": \"#edit-pass\", \"learned_xpath_username\": \"#edit-name\"}"
"Active Network","https://www.active.com/page/Login_to_Active_com/","{\"learned_xpath_click\": \"#ctl09_btnLogin\", \"learned_xpath_password\": \"#ctl09_txtPassword\", \"learned_xpath_username\": \"#ctl09_txtEmailAddress\"}"
"Active Network Giving","https://www.active.com/donations/login/","{\"learned_xpath_click\": \"#login\", \"learned_xpath_password\": \"#user_password\", \"learned_xpath_username\": \"#user_username\"}"
"Active Works (Active Network)","https://activeworks.active.com/login.faces","{\"learned_xpath_click\": \"#submit\", \"learned_xpath_password\": \"#Password\", \"learned_xpath_username\": \"#UserName\"}"
"ActiveConversion","https://www.activeconversion.com/console/login.jsp","{\"learned_xpath_click\": \"INPUT[type\\u003d\\u0027submit\\u0027][name\\u003d\\u0027login\\u0027]\", \"learned_xpath_password\": \"#j_password\", \"learned_xpath_username\": \"#j_username\"}"
"Acumatica","https://sso.acumatica.com/Frames/Login.aspx","{\"learned_xpath_password_xpath\": \"/html/body/form/div[4]/div/div[3]/input[8]\", \"learned_xpath_username_xpath\": \"/html/body/form/div[4]/div/div[3]/input[4]\", \"learned_xpath_username\": \"#txtUser5318\", \"learned_doc_id_username\": \"-1\", \"learned_xpath_click_xpath\": \"/html/body/form/div[4]/div/div[3]/input[11]\", \"learned_xpath_click\": \"#btnLogin\", \"learned_doc_id_password\": \"-1\", \"learned_doc_id_click\": \"-1\", \"learned_xpath_password\": \"#txtPass5318\"}"
"Acunetix","https://erp.acunetix.com/panel/login.aspx","{\"learned_xpath_click\": \"#Main_LoginBtn\", \"learned_xpath_password\": \"#Main_tbPassword\", \"learned_xpath_username\": \"#Main_tbLogin\"}"
"AdaptivePlanning","https://login.adaptiveinsights.com/app","{\"learned_xpath_click\": \"#submit\", \"learned_xpath_password\": \"#inputPassword\", \"learned_xpath_username\": \"#inputEmail\"}"
"AdDataExpress","http://www.addataexpress.com/signin/","{\"learned_xpath_click\": \"INPUT[class\\u003d\\u0027wpcf7-form-control wpcf7-submit\\u0027][type\\u003d\\u0027submit\\u0027]\", \"learned_xpath_password\": \"INPUT[name\\u003d\\u0027password\\u0027][size\\u003d\\u002740\\u0027][class\\u003d\\u0027wpcf7-form-control wpcf7-text wpcf7-email wpcf7-validates-as-required wpcf7-validates-as-email logininput\\u0027][aria-required\\u003d\\u0027true\\u0027][aria-invalid\\u003d\\u0027false\\u0027][type\\u003d\\u0027password\\u0027]\", \"learned_xpath_username\": \"INPUT[name\\u003d\\u0027username\\u0027][size\\u003d\\u002740\\u0027][class\\u003d\\u0027wpcf7-form-control wpcf7-text wpcf7-validates-as-required logininput\\u0027][aria-required\\u003d\\u0027true\\u0027][aria-invalid\\u003d\\u0027false\\u0027][type\\u003d\\u0027text\\u0027]\"}"
"Addison Lee","https://classic.addisonlee.com/addlee/open/login/commonLogin.html","{\"learned_xpath_click_xpath\": \"/html/body/div[3]/div/div[2]/div[2]/form/div[2]/button\", \"learned_xpath_click\": \"BUTTON[class\\u003d\\u0027btn btn-primary btn-expandable min-width100 margin-right10 margin-right0-phone\\u0027][tabindex\\u003d\\u00277\\u0027]\", \"learned_xpath_password\": \"#password\", \"learned_xpath_username\": \"#email\"}"
"AddThis","https://www.addthis.com/login#.Ue8YO22DVsY","{\"learned_xpath_click\": \"#sign_in_submit\", \"learned_xpath_password\": \"#password\", \"learned_xpath_username\": \"#eee\"}"
"Administration123","https://www.administration123.com/manage/","{\"learned_xpath_click\": \"BUTTON[name\\u003d\\u0027authenticate\\u0027][class\\u003d\\u0027btn btn-lg btn-primary btn-block\\u0027][type\\u003d\\u0027submit\\u0027]\", \"learned_xpath_password\": \"INPUT[name\\u003d\\u0027password\\u0027][type\\u003d\\u0027password\\u0027][class\\u003d\\u0027form-control\\u0027][placeholder\\u003d\\u0027Password\\u0027]\", \"learned_xpath_username\": \"INPUT[name\\u003d\\u0027username\\u0027][type\\u003d\\u0027text\\u0027][class\\u003d\\u0027form-control\\u0027][placeholder\\u003d\\u0027User Name\\u0027]\"}"
"AdminiTrack","https://issuetrack1.adminitrack.com/login.aspx","{\"learned_xpath_click\": \"#Button_Signin\", \"learned_xpath_password\": \"#TextBox_Passcode\", \"learned_xpath_username\": \"#TextBox_UserUID\"}"
"Adobe Marketing Cloud","https://my.omniture.com/login/","{\"learned_xpath_click\": \"#login_button\", \"learned_xpath_password\": \"#password_input_field\", \"learned_xpath_username\": \"#username_input_field\"}"
"Adometry - Attribute","https://beta.adometry.com/cas/login","{\"learned_xpath_click\": \"BUTTON[name\\u003d\\u0027submit\\u0027][type\\u003d\\u0027submit\\u0027]\", \"learned_xpath_password\": \"#password\", \"learned_xpath_username\": \"#username\"}"
"ADP - Client Service","http://www.adp.ca/en-ca/insights-and-resources/client-service-centre.aspx","{\"learned_xpath_username\": \"#documentbody_0_herobackgroundcontent_0_nestedtwocolumncentercontent_1_txtCompanyCode\", \"learned_doc_id_username\": \"-1\", \"learned_xpath_click\": \"#documentbody_0_herobackgroundcontent_0_nestedtwocolumncentercontent_1_lbGo\", \"learned_doc_id_password\": \"-1\", \"learned_doc_id_click\": \"-1\", \"learned_xpath_password\": \"#documentbody_0_herobackgroundcontent_0_nestedtwocolumncentercontent_1_txtEmail\"}"
"ADP - eTime","https://etime.adp.com/login.aspx","{\"learned_xpath_click\": \"#dnn_ctr_Login_Login_DNN_cmdLogin\", \"learned_xpath_password\": \"#dnn_ctr_Login_Login_DNN_txtPassword\", \"learned_xpath_username\": \"#dnn_ctr_Login_Login_DNN_txtUsername\"}"
"ADP - FlexDirect","https://www.flexdirect.adp.com/login.aspx","{\"learned_xpath_click\": \"#btnLogin\", \"learned_xpath_password\": \"#txtPassword\", \"learned_xpath_username\": \"#txtUserName\"}"
"ADP - HR/Benefits","https://adp.eease.com/","{\"learned_xpath_click\": \"INPUT[type\\u003d\\u0027SUBMIT\\u0027][name\\u003d\\u0027LoginSubmit\\u0027]\", \"learned_xpath_password\": \"INPUT[type\\u003d\\u0027password\\u0027][size\\u003d\\u002715\\u0027][name\\u003d\\u0027password\\u0027]\", \"learned_xpath_username\": \"INPUT[type\\u003d\\u0027TEXT\\u0027][maxlength\\u003d\\u002720\\u0027][size\\u003d\\u002715\\u0027][name\\u003d\\u0027username\\u0027]\"}"
"ADP - iLearn","https://adpe.csod.com/client/adpe/default.aspx","{\"learned_xpath_click\": \"#submit\", \"learned_xpath_password\": \"#passWordBox\", \"learned_xpath_username\": \"#userNameBox\"}"
"ADP - myKplan","https://www.mykplan.com/sponsorsecure_net/login.aspx","{\"learned_xpath_click\": \"#_ctl0_PageContent_Submit1\", \"learned_xpath_password\": \"INPUT[type\\u003d\\u0027password\\u0027][placeholder\\u003d\\u0027Password\\u0027][maxlength\\u003d\\u002725\\u0027][name\\u003d\\u0027PIN\\u0027][autocomplete\\u003d\\u0027off\\u0027][data-role\\u003d\\u0027none\\u0027]\", \"learned_xpath_username\": \"#txtUserID\"}"
"ADP - Payroll login","https://workcenter.secure.probusiness.com/wp_prwc21/logon.asp","{\"learned_xpath_click\": \"INPUT[type\\u003d\\u0027submit\\u0027][name\\u003d\\u0027action\\u0027]\", \"learned_xpath_password\": \"INPUT[type\\u003d\\u0027password\\u0027][name\\u003d\\u0027Pin\\u0027][maxlength\\u003d\\u002714\\u0027][size\\u003d\\u002720\\u0027]\", \"learned_xpath_username\": \"INPUT[type\\u003d\\u0027text\\u0027][name\\u003d\\u0027EmployeeID\\u0027][maxlength\\u003d\\u002735\\u0027][size\\u003d\\u002720\\u0027]\"}"
"ADP - Supplier Management","http://sc-tforce2-12c37e19579-13da5-14934842336.force.com/","{\"learned_xpath_password_xpath\": \"/html/body/form/div/div/div/div/div/div[2]/div/div/div/div/div/input[2]\", \"learned_xpath_username_xpath\": \"/html/body/form/div/div/div/div/div/div[2]/div/div/div/div/div/input\", \"learned_xpath_username\": \"#supplierloginpage:LoginForm:username\", \"learned_doc_id_username\": \"-1\", \"learned_xpath_click_xpath\": \"/html/body/form/div/div/div/div/div/div[2]/div/div/div/div/div/div[3]/input[1]\", \"learned_xpath_click\": \"#supplierloginpage:LoginForm:loginButton\", \"learned_doc_id_password\": \"-1\", \"learned_doc_id_click\": \"-1\", \"learned_xpath_password\": \"#supplierloginpage:LoginForm:password\"}"
"ADP Workforce Now","https://workforcenow.adp.com/public/index.htm","{\"learned_xpath_username\": \"INPUT[type\\u003d\\u0027text\\u0027][name\\u003d\\u0027USER\\u0027][autocomplete\\u003d\\u0027off\\u0027][class\\u003d\\u0027input1\\u0027]\", \"learned_doc_id_username\": \"-1\", \"learned_xpath_click\": \"[id\\u003d\\u0027portal.login.logIn\\u0027]\", \"learned_doc_id_password\": \"-1\", \"learned_doc_id_click\": \"-1\", \"learned_xpath_password\": \"INPUT[type\\u003d\\u0027password\\u0027][name\\u003d\\u0027PASSWORD\\u0027][autocomplete\\u003d\\u0027off\\u0027][class\\u003d\\u0027input2\\u0027]\"}"
"ADP-HBP","https://ewallet.adp.com/arcot/enroll/adpLogin.faces","{\"learned_xpath_click\": \"FORM#registrationForm DIV:nth-child(9) DIV.buttonMid:nth-child(2)\", \"learned_xpath_password\": \"#USER\", \"learned_xpath_username\": \"#USER\"}"
"ADP-HRB","https://ewallet.adp.com/arcot/enroll/adpLogin.faces","{\"learned_xpath_click\": \"FORM#registrationForm DIV:nth-child(9) DIV.buttonMid:nth-child(2)\", \"learned_xpath_password\": \"#USER\", \"learned_xpath_username\": \"#USER\"}"
"AdReady","https://www.adready.com/session/new","{\"learned_xpath_click\": \"#sign_in_button\", \"learned_xpath_password\": \"#password\", \"learned_xpath_username\": \"#email\"}"
"ADrive","https://www.adrive.com/login","{\"learned_xpath_click\": \"HTML BODY DIV DIV DIV BUTTON.style_btn:nth-child(3)\", \"learned_xpath_password\": \"#passwrd\", \"learned_xpath_username\": \"#email\"}"
"adSpeed","https://www.adspeed.com/Users/login.html","{\"learned_xpath_username\": \"FORM[NAME\\u003d\\u0027fLogin1\\u0027] INPUT[id\\u003d\\u0027UserName\\u0027]\", \"learned_doc_id_username\": \"-1\", \"learned_xpath_click\": \"FORM[NAME\\u003d\\u0027fLogin1\\u0027] BUTTON[type\\u003d\\u0027submit\\u0027]\", \"learned_doc_id_password\": \"-1\", \"learned_doc_id_click\": \"-1\", \"learned_xpath_password\": \"FORM[NAME\\u003d\\u0027fLogin1\\u0027] INPUT[id\\u003d\\u0027UserPasswd\\u0027]\"}"
"Advent","https://login.advent.com/","{\"learned_xpath_click\": \"#loginbutton\", \"learned_xpath_password\": \"#Password\", \"learned_xpath_username\": \"#Email\"}"
"Aerohive","https://myhive-auth.aerohive.com/cas/login","{\"learned_xpath_click\": \"INPUT[class\\u003d\\u0027cta\\u0027][name\\u003d\\u0027submit\\u0027][accesskey\\u003d\\u0027l\\u0027][tabindex\\u003d\\u00274\\u0027][type\\u003d\\u0027submit\\u0027]\", \"learned_xpath_password\": \"#password\", \"learned_xpath_username\": \"#username\"}"
"Aetna","https://member.aetna.com/appConfig/login/login.fcc","{\"learned_xpath_password_xpath\": \"/html/body/div[1]/section/div[4]/div/div/div/form/fieldset/div[2]/div/input\", \"learned_xpath_username_xpath\": \"/html/body/div[1]/section/div[4]/div/div/div/form/fieldset/div/div/input\", \"learned_xpath_username\": \"#userName\", \"learned_doc_id_username\": \"-1\", \"learned_xpath_click_xpath\": \"/html/body/div[1]/section/div[4]/div/div/div/form/fieldset/div[3]/div/button\", \"learned_xpath_click\": \"#secureLogin-btn\", \"learned_doc_id_password\": \"-1\", \"learned_doc_id_click\": \"-1\", \"learned_xpath_password\": \"#password\"}"
"Affiliate Window","https://darwin.affiliatewindow.com/legacy-login","{\"learned_xpath_click\": \"#login\", \"learned_xpath_password\": \"#password\", \"learned_xpath_username\": \"#email\"}"
"Aflac","https://login.aflac.com/?ReturnURL=https://my.aflac.com/portal/sso/SSOLogin.aspx","{\"learned_xpath_click\": \"#lnkSubmit\", \"learned_xpath_password\": \"#password\", \"learned_xpath_username\": \"#userid\"}"
"AgileZen","https://agilezen.com/login","{\"learned_xpath_click\": \"HTML BODY DIV DIV DIV DIV DIV FORM DIV BUTTON\", \"learned_xpath_password\": \"#password\", \"learned_xpath_username\": \"#userName\"}"
"Agiloft Hosted Server","http://www.agiloft.com/customer-login.htm","{\"learned_xpath_click\": \"INPUT[type\\u003d\\u0027submit\\u0027][class\\u003d\\u0027btn-u bold rounded\\u0027][name\\u003d\\u0027submitName\\u0027]\", \"learned_xpath_password\": \"#inputPassword\", \"learned_xpath_username\": \"#inputUser\"}"
"Agiloft Support","https://www.agiloft.com/support-login.htm","{\"learned_xpath_click\": \"INPUT[type\\u003d\\u0027submit\\u0027][class\\u003d\\u0027btn-u bold rounded\\u0027][name\\u003d\\u0027submitName\\u0027]\", \"learned_xpath_password\": \"#inputPassword\", \"learned_xpath_username\": \"#inputUser\"}"
"Air France","https://www.flyingblue.com/account/login.html","{\"learned_xpath_username\": \"#form_uid\", \"learned_doc_id_username\": \"-1\", \"learned_xpath_click\": \"INPUT[type\\u003d\\u0027submit\\u0027][class\\u003d\\u0027fb-button fb-button--big fb-button--darkblue fb-margin-bottom-20 js-fb-measure\\u0027]\", \"learned_doc_id_password\": \"-1\", \"learned_doc_id_click\": \"-1\", \"learned_xpath_password\": \"#form_pwd\"}"
"Airplus International","https://airplus.wrightexpresscorpcard.com/welcome.aspx","{\"learned_xpath_click\": \"#ctl00_contents_logIn\", \"learned_xpath_password\": \"#txtpassword\", \"learned_xpath_username\": \"#txtusername\"}"
"Airwatch","https://awcp.air-watch.com/ProvisioningPortal","{\"learned_xpath_click\": \"INPUT[type\\u003d\\u0027submit\\u0027][value\\u003d\\u0027Login\\u0027][name\\u003d\\u0027Login\\u0027]\", \"learned_xpath_password\": \"#Password\", \"learned_xpath_username\": \"#Username\"}"
"Akamai","https://control.akamai.com/EdgeAuth/login.jsp","{\"learned_xpath_click\": \"HTML BODY DIV DIV FORM DIV INPUT.akam-button[name\\u003d\\u0027login\\u0027]\", \"learned_xpath_password\": \"#password\", \"learned_xpath_username\": \"#username\"}"
"Akken","https://login2.akken.com/","{\"learned_xpath_click\": \"INPUT[class\\u003d\\u0027button r4 wide primary\\u0027][type\\u003d\\u0027submit\\u0027][name\\u003d\\u0027submit\\u0027]\", \"learned_xpath_password\": \"#password\", \"learned_xpath_username\": \"#username\"}"
"Akritiv","https://www.akritiv.com/","{\"learned_xpath_click\": \"INPUT[type\\u003d\\u0027submit\\u0027][class\\u003d\\u0027formBlockSubmitButton\\u0027]\", \"learned_xpath_password\": \"#password\", \"learned_xpath_username\": \"#username\"}"
"Alacra","https://www.alacra.com/client-login/","{\"learned_xpath_click\": \"#wp-submit\", \"learned_xpath_password\": \"INPUT[type\\u003d\\u0027password\\u0027][name\\u003d\\u0027password\\u0027]\", \"learned_xpath_username\": \"INPUT[type\\u003d\\u0027text\\u0027][name\\u003d\\u0027login\\u0027]\"}"
"Alaska Airlines","https://www.alaskaair.com/www2/ssl/myalaskaair/MyAlaskaAir.aspx","{\"learned_xpath_click\": \"#FormUserControl__signIn\", \"learned_xpath_password\": \"#FormUserControl__signInProfile__passwordControl__password\", \"learned_xpath_username\": \"#FormUserControl__signInProfile__userIdControl__userId\"}"
"AlertGrid","https://hq.alert-grid.com/en/","{\"learned_xpath_click\": \"INPUT[type\\u003d\\u0027submit\\u0027]\", \"learned_xpath_password\": \"#id_password\", \"learned_xpath_username\": \"#id_username\"}"
"Alfresco","https://my.alfresco.com/share/","{\"learned_xpath_click\": \"#page_x002e_components_x002e_slingshot-login_x0023_default-submit-button\", \"learned_xpath_password\": \"#page_x002e_components_x002e_slingshot-login_x0023_default-password\", \"learned_xpath_username\": \"#page_x002e_components_x002e_slingshot-login_x0023_default-username\"}"
"allClients","https://www.allclients.com/Login.aspx","{\"learned_xpath_click\": \"#lbtnLogIn\", \"learned_xpath_password\": \"#txtLoginPassword\", \"learned_xpath_username\": \"#txtLoginEmail\"}"
"Amazon Developer","https://www.amazon.com/ap/signin?openid.ns=http%3A%2F%2Fspecs.openid.net%2Fauth%2F2.0&pageId=mas_dev_portal2&openid.identity=http%3A%2F%2Fspecs.openid.net%2Fauth%2F2.0%2Fidentifier_select&openid.claimed_id=http%3A%2F%2Fspecs.openid.net%2Fauth%2F2.0%2Fidentifier_select&openid.mode=checkid_setup&openid.assoc_handle=mas_dev_portal&openid.return_to=https%3A%2F%2Fdeveloper.amazon.com%2Fap_login.html&language=en_US&openid.pape.max_auth_age=1","{\"learned_xpath_click\": \"#signInSubmit-input\", \"learned_xpath_password\": \"#ap_password\", \"learned_xpath_username\": \"#ap_email\"}"
"Amazon UK","https://www.amazon.co.uk/ap/signin?_encoding=UTF8&openid.assoc_handle=gbflex&openid.claimed_id=http%3A%2F%2Fspecs.openid.net%2Fauth%2F2.0%2Fidentifier_select&openid.identity=http%3A%2F%2Fspecs.openid.net%2Fauth%2F2.0%2Fidentifier_select&openid.mode=checkid_setup&openid.ns=http%3A%2F%2Fspecs.openid.net%2Fauth%2F2.0&openid.ns.pape=http%3A%2F%2Fspecs.openid.net%2Fextensions%2Fpape%2F1.0&openid.pape.max_auth_age=0&openid.return_to=https%3A%2F%2Fwww.amazon.co.uk%2Fgp%2Fyourstore%2Fhome%3Fie%3DUTF8%26ref_%3Dnav_custrec_signin","{\"learned_xpath_username\": \"#ap_email\", \"learned_doc_id_username\": \"-1\", \"learned_xpath_click\": \"#signInSubmit\", \"learned_doc_id_password\": \"-1\", \"learned_doc_id_click\": \"-1\", \"learned_xpath_password\": \"#ap_password\"}"
"AmazonSmile","https://smile.amazon.com/","{\"learned_xpath_click\": \"#signInSubmit\", \"learned_xpath_password\": \"#ap_password\", \"learned_xpath_username\": \"#ap_email\"}"
"American Express Online","https://www.americanexpress.com/","{\"learned_xpath_click\": \"#loginLink\", \"learned_xpath_password\": \"#Password\", \"learned_xpath_username\": \"#Username\"}"
"Anaplan","https://sdp.anaplan.com/frontdoor/login","{\"learned_xpath_click\": \"BUTTON[class\\u003d\\u0027actionButton button blue\\u0027][name\\u003d\\u0027submit\\u0027][accesskey\\u003d\\u0027L\\u0027][tabindex\\u003d\\u00274\\u0027][type\\u003d\\u0027submit\\u0027]\", \"learned_xpath_password\": \"#password\", \"learned_xpath_username\": \"#username\"}"
"Angie's List","https://my.angieslist.com/angieslist/login.aspx","{\"learned_xpath_click\": \"#ctl00_ContentPlaceHolderMainContent_LoginControl_LoginButton\", \"learned_xpath_password\": \"#UserPasswordTextbox\", \"learned_xpath_username\": \"#UserNameTextbox\"}"
"Anthem Online Services - Anthem Life","https://pd2.secure.anthem.com/compassi/public/login.jsp","{\"learned_xpath_click\": \"HTML BODY FORM TABLE TBODY TR TD TABLE TBODY TR TD TABLE TBODY TR TD INPUT[name\\u003d\\u0027btnLogin\\u0027]\", \"learned_xpath_password\": \"#password\", \"learned_xpath_username\": \"#username\"}"
"Anybill","https://secure-platform.anybill.com/login.aspx","{\"learned_xpath_click\": \"#loginBtn\", \"learned_xpath_password\": \"#txtPassword\", \"learned_xpath_username\": \"#txtUsername\"}"
"AON","https://beplb02.portal.hewitt.com/web/rai/welcome","{\"learned_xpath_click\": \"#_ParticipantLogon12_WAR_Auth12portlet_logOn\", \"learned_xpath_password\": \"#_ParticipantLogon12_WAR_Auth12portlet_password\", \"learned_xpath_username\": \"#_ParticipantLogon12_WAR_Auth12portlet_userId\"}"
"API2Cart","https://app.api2cart.com/#login","{\"learned_xpath_username\": \"FORM[id\\u003d\\u0027loginForm\\u0027] INPUT[id\\u003d\\u0027account_email\\u0027]\", \"learned_doc_id_username\": \"-1\", \"learned_xpath_click\": \"BUTTON[type\\u003d\\u0027submit\\u0027][class\\u003d\\u0027btn btn-green\\u0027][name\\u003d\\u0027group_submit\\u0027]\", \"learned_doc_id_password\": \"-1\", \"learned_doc_id_click\": \"-1\", \"learned_xpath_password\": \"FORM[id\\u003d\\u0027loginForm\\u0027] INPUT[id\\u003d\\u0027account_password\\u0027]\"}"
"Apollo","https://launchpad.apollohq.com/","{\"learned_xpath_click\": \"BUTTON[tabindex\\u003d\\u00274\\u0027][type\\u003d\\u0027submit\\u0027]\", \"learned_xpath_password\": \"#login-password\", \"learned_xpath_username\": \"#login-username\"}"
"App Annie","https://www.appannie.com/account/login/","{\"learned_xpath_click\": \"#submit\", \"learned_xpath_password\": \"#password\", \"learned_xpath_username\": \"#email\"}"
"app.keysurvey.com","https://app.keysurvey.com/Member/UserAccount/UserLogin.do","{\"learned_xpath_click\": \"#loginButton\", \"learned_xpath_password\": \"#password\", \"learned_xpath_username\": \"#login\"}"
"Appature Inc","https://em.appatureinc.com/login","{\"learned_xpath_click\": \"HTML BODY DIV FORM TABLE TBODY TR TD FIELDSET TABLE TBODY TR TD INPUT.large[name\\u003d\\u0027action\\u0027]\", \"learned_xpath_password\": \"#retPassword\", \"learned_xpath_username\": \"#retEmail\"}"
"Appcelerator","https://my.appcelerator.com/auth/login","{\"learned_xpath_click\": \"#submit\", \"learned_xpath_password\": \"#password\", \"learned_xpath_username\": \"#username\"}"
"AppDynamics","https://login.appdynamics.com/sso/authenticate/","{\"learned_xpath_username\": \"#id_username\", \"learned_doc_id_username\": \"-1\", \"learned_xpath_click\": \"A[class\\u003d\\u0027cta-button _2016\\u0027] BUTTON[type\\u003d\\u0027submit\\u0027]\", \"learned_doc_id_password\": \"-1\", \"learned_doc_id_click\": \"-1\", \"learned_xpath_password\": \"#id_password\"}"
"Apperian","https://ease.apperian.com/index.php/login","{\"learned_xpath_click\": \"INPUT[type\\u003d\\u0027submit\\u0027]\", \"learned_xpath_password\": \"#login_password\", \"learned_xpath_username\": \"#login_email\"}"
"Applane","http://afe.applane.com/afelogin.html","{\"learned_xpath_click\": \"#signin\", \"learned_xpath_password\": \"#password\", \"learned_xpath_username\": \"#emailid\"}"
"Apple","https://idmsa.apple.com/IDMSWebAuth/login.html?appIdKey=af1139274f266b22b68c2a3e7ad932cb3c0bbe854e13a79af78dcc73136882c3&path=/signin/?referrer%3D/account/manage&sslEnabled=true","{\"learned_xpath_click\": \"DIV#bot-nav A SPAN\", \"learned_xpath_password\": \"#accountpassword\", \"learned_xpath_username\": \"#accountname\"}"
"ApplicantStack","http://www.applicantstack.com/login","{\"learned_xpath_click\": \"#submit\", \"learned_xpath_password\": \"#password\", \"learned_xpath_username\": \"#username\"}"
"AppNexus","https://console.appnexus.com/","{\"learned_xpath_click\": \"BUTTON[class\\u003d\\u0027anx btn btn-login\\u0027]\", \"learned_xpath_password\": \"#anxs-login-password\", \"learned_xpath_username\": \"#anxs-login-username\"}"
"appnomic","http://www.appnomic.com/user","{\"learned_xpath_click\": \"#edit-submit\", \"learned_xpath_password\": \"#edit-pass\", \"learned_xpath_username\": \"#edit-name\"}"
"Apptio","http://www.apptio.com/user","{\"learned_xpath_click\": \"#edit-submit\", \"learned_xpath_password\": \"#edit-pass\", \"learned_xpath_username\": \"#edit-name\"}"
"Apptus","http://zone.apptus.com/login.action","{\"learned_xpath_click\": \"#loginButton\", \"learned_xpath_password\": \"#os_password\", \"learned_xpath_username\": \"#os_username\"}"
"AppVault","https://appvault.com/events/index.aspx","{\"learned_xpath_click\": \"#ctl00_pageContent_cultivateLogin_btnLogin\", \"learned_xpath_password\": \"#ctl00_pageContent_cultivateLogin_txtPassword\", \"learned_xpath_username\": \"#ctl00_pageContent_cultivateLogin_txtLoginId\"}"
"Aqayo","https://app.aqayo.com/map/","{\"learned_xpath_click\": \"HTML BODY DIV FORM DIV DIV DIV DIV INPUT.button_login.mt20:nth-child(11)\", \"learned_xpath_password\": \"#password\", \"learned_xpath_username\": \"#username\"}"
"ArcGIS","https://www.arcgis.com/home/signin.html","{\"learned_xpath_username\": \"#user_username\", \"learned_doc_id_username\": \"0\", \"learned_xpath_click\": \"#signIn\", \"learned_doc_id_password\": \"0\", \"learned_doc_id_click\": \"0\", \"learned_xpath_password\": \"#user_password\"}"
"Archer","https://egrc.archer.rsa.com/Default.aspx","{\"learned_xpath_click\": \"#btnLogin\", \"learned_xpath_password\": \"#txtpassword\", \"learned_xpath_username\": \"#txtUserName\"}"
"Arena Solutions - BOM Contorl","https://app.bom.com/","{\"learned_xpath_click\": \"#app-login-button\", \"learned_xpath_password\": \"#password\", \"learned_xpath_username\": \"#inputform\"}"
"Arena Solutions - File Drop","https://apps.arenasolutions.com/filedrop","{\"learned_xpath_click\": \"#app-login-button\", \"learned_xpath_password\": \"#password\", \"learned_xpath_username\": \"#inputform\"}"
"Arena Solutions - Parts List","https://apps.arenasolutions.com/partslist/","{\"learned_xpath_click\": \"#app-login-button\", \"learned_xpath_password\": \"#password\", \"learned_xpath_username\": \"#inputform\"}"
"Arena Solutions - PDX Veiwer","https://apps.arenasolutions.com/exchange","{\"learned_xpath_click\": \"#app-login-button\", \"learned_xpath_password\": \"#password\", \"learned_xpath_username\": \"#inputform\"}"
"Ariba Exchange","http://exchange.ariba.com/login.jspa","{\"learned_xpath_click\": \"#login-submit\", \"learned_xpath_password\": \"#password01\", \"learned_xpath_username\": \"#username01\"}"
"ASI goalgamiPro","https://ggpro-ie.asiwealthmanager.com/login/","{\"learned_xpath_click\": \"INPUT[type\\u003d\\u0027submit\\u0027][value\\u003d\\u0027Login\\u0027][name\\u003d\\u0027login\\u0027]\", \"learned_xpath_password\": \"INPUT[type\\u003d\\u0027password\\u0027][size\\u003d\\u002730\\u0027][name\\u003d\\u0027password\\u0027]\", \"learned_xpath_username\": \"INPUT[type\\u003d\\u0027text\\u0027][size\\u003d\\u002730\\u0027][name\\u003d\\u0027username\\u0027]\"}"
"Assuresign","https://www.assuresign.net/Login.aspx","{\"learned_xpath_click\": \"#btnLogin\", \"learned_xpath_password\": \"#txtUserPassword\", \"learned_xpath_username\": \"#txtUserName\"}"
"AT&T BusinessDirect Premier","https://wireless.att.com/business/index.jsp","{\"learned_xpath_click\": \"IMG[src\\u003d\\u0027images/buttons/btn_login_dis.gif\\u0027][title\\u003d\\u0027Please complete all required fields indicated by an asterisk (*)\\u0027][class\\u003d\\u0027smartButton\\u0027]\", \"learned_xpath_password\": \"#password\", \"learned_xpath_username\": \"#username\"}"
"athenahealth","https://athenanet.athenahealth.com/1/1/login.esp","{\"learned_xpath_click\": \"#loginbutton\", \"learned_xpath_password\": \"#PASSWORD\", \"learned_xpath_username\": \"#USERNAME\"}"
"Atlassian - Confluence","https://id.atlassian.com/login","{\"learned_xpath_click\": \"#login-submit\", \"learned_xpath_password\": \"#password\", \"learned_xpath_username\": \"#username\"}"
"Atmail","https://atmail.com/portal/","{\"learned_xpath_click\": \"#loginSubmit\", \"learned_xpath_password\": \"#inputPassword\", \"learned_xpath_username\": \"#inputUsername\"}"
"Atriis","https://4.atriis.com/iv/login.jsp","{\"learned_xpath_click\": \"INPUT[name\\u003d\\u0027Submit\\u0027][type\\u003d\\u0027submit\\u0027][class\\u003d\\u0027btn\\u0027]\", \"learned_xpath_password\": \"#password_user\", \"learned_xpath_username\": \"#login_user\"}"
"ATT","https://www.att.com/olam/loginAction.olamexecute","{\"learned_xpath_password_xpath\": \"/html/body/div[7]/div/div[5]/div/div/div/form/div[2]/div[2]/div[2]/div[2]/span/span/input\", \"learned_xpath_username_xpath\": \"/html/body/div[7]/div/div[5]/div/div/div/form/div[2]/div[2]/div/div[2]/div/span/span/span/input\", \"learned_xpath_username\": \"#userName\", \"learned_doc_id_username\": \"-1\", \"learned_xpath_click_xpath\": \"/html/body/div[7]/div/div[5]/div/div/div/form/div[2]/div[2]/div[3]/button\", \"learned_xpath_click\": \"#loginButton\", \"learned_doc_id_password\": \"-1\", \"learned_doc_id_click\": \"-1\", \"learned_xpath_password\": \"#password\"}"
"AtTask","https://customer-sso.workfront.com/help","{\"learned_xpath_click\": \"INPUT[type\\u003d\\u0027submit\\u0027][class\\u003d\\u0027login_form\\u0027]\", \"learned_xpath_password\": \"#password\", \"learned_xpath_username\": \"#username\"}"
"Attivio's Developer Network","https://developer.attivio.com/login.action","{\"learned_xpath_click\": \"#loginButton\", \"learned_xpath_password\": \"#os_password\", \"learned_xpath_username\": \"#os_username\"}"
"Attivio's Partner Network","https://partner.attivio.com/login.action","{\"learned_xpath_click\": \"#loginButton\", \"learned_xpath_password\": \"#os_password\", \"learned_xpath_username\": \"#os_username\"}"
"Auction123","http://my.auction123.com/login.aspx","{\"learned_xpath_click\": \"#BodyPlaceHolder_SignInButton\", \"learned_xpath_password\": \"#BodyPlaceHolder_password\", \"learned_xpath_username\": \"#BodyPlaceHolder_userName\"}"
"Authentix","http://authentix.critereon.com/","{\"learned_xpath_click\": \"#cmdLogin\", \"learned_xpath_password\": \"#txtPass\", \"learned_xpath_username\": \"#txtUser\"}"
"Authorize.Net - Reseller/Affiliate","https://account.authorize.net/interfaces/reseller/frontend/login.aspx","{\"learned_xpath_click\": \"#Submit\", \"learned_xpath_password\": \"#x_password\", \"learned_xpath_username\": \"#x_login\"}"
"Autotask","https://www.autotask.net/Mvc/Framework/Authentication.mvc/Authenticate","{\"learned_xpath_username\": \"#UserNameForLogin\", \"learned_doc_id_username\": \"-1\", \"learned_xpath_click\": \"#InvokePasswordManager\", \"learned_doc_id_password\": \"-1\", \"learned_doc_id_click\": \"-1\", \"learned_xpath_password\": \"#PasswordForLogin\"}"
"Avalara","https://admin-avatax.avalara.net/login.aspx","{\"learned_xpath_click\": \"#ctl00_MainContentPlaceHolder_Login1_Login\", \"learned_xpath_password\": \"#ctl00_MainContentPlaceHolder_Login1_Password\", \"learned_xpath_username\": \"#ctl00_MainContentPlaceHolder_Login1_UserName\"}"
"Avaya","https://engage.avayalive.com/Engage/Login.aspx","{\"learned_xpath_click\": \"DIV[class\\u003d\\u0027shared_buttonPrimary shared_buttonWide\\u0027]\", \"learned_xpath_password\": \"#ctl00_pagebody_Login1_Password\", \"learned_xpath_username\": \"#ctl00_pagebody_Login1_UserName\"}"
"Aveksa Custom Support Portal","https://sso.emc.com/sso/login.htm","{\"learned_xpath_click\": \"BUTTON#loginBtn SPAN\", \"learned_xpath_password\": \"#password\", \"learned_xpath_username\": \"#user\"}"
"Averiware","https://login.averiware.com/servlet/com.neterp.sumatra.NavScr","{\"learned_xpath_click\": \"HTML BODY FORM TABLE TBODY TR TD TABLE TBODY TR TD TABLE TBODY TR TD TABLE TBODY TR TD TABLE TBODY TR TD INPUT[name\\u003d\\u0027image\\u0027]\", \"learned_xpath_password\": \"#tf_passWord\", \"learned_xpath_username\": \"#tf_userName\"}"
"AWeber","https://www.aweber.com/login.htm","{\"learned_xpath_click\": \"BUTTON[class\\u003d\\u0027ladda-button steel-shadow wide login-button\\u0027][tabindex\\u003d\\u00273\\u0027][data-style\\u003d\\u0027slide-right\\u0027]\", \"learned_xpath_password\": \"#password\", \"learned_xpath_username\": \"#username\"}"
"Axeda Developer Connection","http://developer.thingworx.com/login","{\"learned_xpath_username\": \"#email\", \"learned_doc_id_username\": \"-1\", \"learned_xpath_click\": \"BUTTON[type\\u003d\\u0027submit\\u0027][class\\u003d\\u0027btn btn-primary btn-lg\\u0027]\", \"learned_doc_id_password\": \"-1\", \"learned_doc_id_click\": \"-1\", \"learned_xpath_password\": \"#password\"}"
"Axentis","https://www.axentisenterprise.com/AE/Enterprise/AELogin.aspx","{\"learned_xpath_click\": \"#ctl00_AELoginContent_btnLogin\", \"learned_xpath_password\": \"#ctl00_AELoginContent_txtPassword\", \"learned_xpath_username\": \"#ctl00_AELoginContent_txtUsername\"}"
"Axosoft - OnTime","https://store.axosoft.com/login.aspx","{\"learned_xpath_click\": \"#btnLogin\", \"learned_xpath_password\": \"#txtPassword\", \"learned_xpath_username\": \"#txtEmailAddress\"}"
"Ayco Financial Networks","https://www.aycofinancialnetwork.com/member/login.aspx","{\"learned_xpath_click\": \"#_prvCtlLoginWrapper__prvFormButtonLogin\", \"learned_xpath_password\": \"#_prvCtlLoginWrapper__prvCtlLoginBoxControl__prvCtlTextBoxPassword\", \"learned_xpath_username\": \"#_prvCtlLoginWrapper__prvCtlLoginBoxControl__prvCtlTextBoxUserID\"}"
"B-Kin Software","http://www.b-kin.com/EN/","{\"learned_xpath_click\": \"#ctl00_ContentPlaceHolder1_Login1_ImageButtonLogin\", \"learned_xpath_password\": \"#ctl00_ContentPlaceHolder1_Login1_TextBoxPwd\", \"learned_xpath_username\": \"#ctl00_ContentPlaceHolder1_Login1_TextBoxUser\"}"
"Bango","http://managementtools.bango.com/protected/user/mt_login.aspx","{\"learned_xpath_click\": \"#ctl00_MainContent_btnLogin\", \"learned_xpath_password\": \"#ctl00_MainContent_txtLoginPassword\", \"learned_xpath_username\": \"#ctl00_MainContent_txtLoginEmail\"}"
"Bank of America CashPro","https://cashproonline.bankofamerica.com/AuthenticationFrameworkWeb/cpo/login/public/loginMain.faces","{\"learned_xpath_click\": \"[id\\u003d\\u0027loginRight:login_form:loginButton\\u0027]\", \"learned_xpath_password\": \"#password\", \"learned_xpath_username\": \"[id\\u003d\\u0027loginRight:login_form:userId\\u0027]\"}"
"Base CRM","https://core.futuresimple.com/sales/users/login","{\"learned_xpath_click\": \"BUTTON[class\\u003d\\u0027btn btn-large btn-primary\\u0027]\", \"learned_xpath_password\": \"#user_password\", \"learned_xpath_username\": \"#user_email\"}"
"Beanstalkapp","https://login.beanstalkapp.com/session/new","{\"learned_xpath_click\": \"INPUT[type\\u003d\\u0027submit\\u0027][title\\u003d\\u0027Log into Beanstalk\\u0027]\", \"learned_xpath_password\": \"#password\", \"learned_xpath_username\": \"#username\"}"
"Beeline","https://prod2.beeline.com/fis/Security/NewLogin.aspx","{\"learned_xpath_username\": \"#beelineForm_UserLoginForm_userNameText\", \"learned_doc_id_username\": \"-1\", \"learned_xpath_click\": \"#beelineForm_loginButtonLink\", \"learned_doc_id_password\": \"-1\", \"learned_doc_id_click\": \"-1\", \"learned_xpath_password\": \"#beelineForm_UserLoginForm_passwordText\"}"
"Benchmark Email","https://ui.benchmarkemail.com/Login","{\"learned_xpath_username\": \"#login\", \"learned_doc_id_username\": \"-1\", \"learned_xpath_click\": \"A[tabindex\\u003d\\u00273\\u0027][class\\u003d\\u0027ladda-button button radius expand\\u0027][href\\u003d\\u0027javascript:onClick();\\u0027]\", \"learned_doc_id_password\": \"-1\", \"learned_doc_id_click\": \"-1\", \"learned_xpath_password\": \"#password\"}"
"Benefitfocus Online Enrollment","https://secure2.benefitfocus.com/go/bfi/","{\"learned_xpath_click\": \"#log-in-command\", \"learned_xpath_password\": \"#j_password\", \"learned_xpath_username\": \"#j_username\"}"
"Benetrac","https://www.eenroller.net/btrac/broker.asp","{\"learned_xpath_click\": \"HTML BODY DIV DIV DIV FORM DIV TABLE TBODY TR TD INPUT.commandButton[name\\u003d\\u0027Login\\u0027]\", \"learned_xpath_password\": \"HTML BODY DIV DIV DIV FORM DIV TABLE TBODY TR TD INPUT[name\\u003d\\u0027TBPassword\\u0027]\", \"learned_xpath_username\": \"#TBUserName\"}"
"Benevity Social Ventures","http://www.bcorporation.net/user/login","{\"learned_xpath_click\": \"#edit-submit\", \"learned_xpath_password\": \"#edit-pass\", \"learned_xpath_username\": \"#edit-name\"}"
"Benu - ClearBenefits","https://www.clearbenefits.com/cb/home.asp","{\"learned_xpath_click\": \"A[href\\u003d\\u0027JavaScript:go()\\u0027]\", \"learned_xpath_password\": \"INPUT[type\\u003d\\u0027password\\u0027][size\\u003d\\u002730\\u0027][name\\u003d\\u0027txtpd\\u0027][tabindex\\u003d\\u00272\\u0027][maxlength\\u003d\\u002720\\u0027]\", \"learned_xpath_username\": \"INPUT[type\\u003d\\u0027text\\u0027][name\\u003d\\u0027txtusr\\u0027][size\\u003d\\u002730\\u0027][maxlength\\u003d\\u0027100\\u0027][tabindex\\u003d\\u00271\\u0027]\"}"
"Bidspeed","http://www.fedbidspeed.com/login/#sthash.XhFQCJbz.dpbs","{\"learned_xpath_click\": \"INPUT[id\\u003d\\u0027cmdLogin\\u0027][value\\u003d\\u0027Login\\u0027]\", \"learned_xpath_password\": \"HEADER[id\\u003d\\u0027main-header\\u0027] FORM INPUT[id\\u003d\\u0027txtPassword\\u0027]\", \"learned_xpath_username\": \"HEADER[id\\u003d\\u0027main-header\\u0027] FORM INPUT[id\\u003d\\u0027txtUserID\\u0027]\"}"
"BigCenter","https://www.bigcenter.com/clientlogin.html","{\"learned_xpath_click\": \"INPUT[type\\u003d\\u0027submit\\u0027][value\\u003d\\u0027Login\\u0027][class\\u003d\\u0027FormTxt\\u0027][name\\u003d\\u0027Submit\\u0027]\", \"learned_xpath_password\": \"INPUT[type\\u003d\\u0027password\\u0027][autocomplete\\u003d\\u0027off\\u0027][maxlength\\u003d\\u002750\\u0027][class\\u003d\\u0027FormTxt\\u0027][name\\u003d\\u0027txtPassword\\u0027]\", \"learned_xpath_username\": \"#txtUserName\"}"
"BigCommerce","https://login.bigcommerce.com/login","{\"learned_xpath_click\": \"INPUT[type\\u003d\\u0027submit\\u0027][name\\u003d\\u0027commit\\u0027][class\\u003d\\u0027login-form-button button small-16\\u0027]\", \"learned_xpath_password\": \"#user_password\", \"learned_xpath_username\": \"#user_email\"}"
"BigWebApps","https://app.bigwebapps.com/","{\"learned_xpath_click\": \"#LogOn1_LogOn_LogOnButton\", \"learned_xpath_password\": \"#LogOn1_LogOn_PasswordTextBox_txt\", \"learned_xpath_username\": \"#LogOn1_LogOn_LoginTextBox_txt\"}"
"BillingOrchard","http://login.billingorchard.com/","{\"learned_xpath_password_xpath\": \"/html/body/div[2]/div/form/div/div/div/table/tbody/tr[2]/td[2]/input\", \"learned_xpath_username_xpath\": \"/html/body/div[2]/div/form/div/div/div/table/tbody/tr[1]/td[2]/input\", \"learned_xpath_username\": \"#userMain\", \"learned_doc_id_username\": \"-1\", \"learned_xpath_click_xpath\": \"/html/body/div[2]/div/form/div[2]/input\", \"learned_xpath_click\": \"INPUT[type\\u003d\\u0027submit\\u0027][name\\u003d\\u0027Submit\\u0027][border\\u003d\\u00270\\u0027][alt\\u003d\\u0027Login\\u0027][class\\u003d\\u0027standardButtonCenter\\u0027]\", \"learned_doc_id_password\": \"-1\", \"learned_doc_id_click\": \"-1\", \"learned_xpath_password\": \"#passMain\"}"
"Billtrust - CustomerCare","https://secure.billtrust.com/customercare.php","{\"learned_xpath_click\": \"INPUT[width\\u003d\\u0027110\\u0027][type\\u003d\\u0027submit\\u0027][height\\u003d\\u002745\\u0027][border\\u003d\\u00270\\u0027][name\\u003d\\u0027enroll\\u0027][class\\u003d\\u0027signinButton\\u0027]\", \"learned_xpath_password\": \"INPUT[type\\u003d\\u0027password\\u0027]\", \"learned_xpath_username\": \"INPUT[name\\u003d\\u0027Username\\u0027]\"}"
"Bioclinica- Customer Portal Login","http://www.bioclinica.com/customer-portal-login","{\"learned_xpath_click\": \"#Form_Form_action_storeContactData\", \"learned_xpath_password\": \"#password\", \"learned_xpath_username\": \"#username\"}"
"Bioclinica- Report Portal Login","https://portal.bioclinica.com/bioreportportal/Index.aspx","{\"learned_xpath_click\": \"#login\", \"learned_xpath_password\": \"#password\", \"learned_xpath_username\": \"#username\"}"
"Birst","https://login.bws.birst.com/Login.smi","{\"learned_xpath_click\": \"#LoginForm2_LoginButton\", \"learned_xpath_password\": \"#LoginForm2_Password\", \"learned_xpath_username\": \"#LoginForm2_UserName\"}"
"Bitbucket","https://bitbucket.org/account/signin/","{\"learned_xpath_username\": \"#js-email-field\", \"learned_doc_id_username\": \"-1\", \"learned_xpath_click\": \"INPUT[class\\u003d\\u0027large-blue-button selenium-login-submit aui-button-primary\\u0027][type\\u003d\\u0027submit\\u0027]\", \"learned_doc_id_password\": \"-1\", \"learned_doc_id_click\": \"-1\", \"learned_xpath_password\": \"#js-password-field\"}"
"Bizmanualz","https://www.bizmanualz.com/my-account","{\"learned_xpath_click\": \"INPUT[type\\u003d\\u0027submit\\u0027][value\\u003d\\u0027Login\\u0027][name\\u003d\\u0027login\\u0027][class\\u003d\\u0027woocommerce-Button button\\u0027]\", \"learned_xpath_password\": \"#password\", \"learned_xpath_username\": \"#username\"}"
"Blackboard Collaborate","https://sas.elluminate.com/site/external/login/user","{\"learned_xpath_click\": \"#submit\", \"learned_xpath_password\": \"#password\", \"learned_xpath_username\": \"#username\"}"
"Blackboard Connect","https://www.blackboardconnect.com/signin/default.aspx","{\"learned_xpath_click\": \"#ctl00_cphBody_btnSubmit\", \"learned_xpath_password\": \"#ctl00_cphBody_txtPassword\", \"learned_xpath_username\": \"#ctl00_cphBody_txtUsername\"}"
"Blackboard Engage","https://www.edline.net/Index.page","{\"learned_xpath_click\": \"#signIn\", \"learned_xpath_password\": \"#password\", \"learned_xpath_username\": \"#screenName\"}"
"Bloomberg","https://login.bloomberg.com/","{\"learned_xpath_click\": \"BUTTON[type\\u003d\\u0027submit\\u0027][class\\u003d\\u0027login-register__submit\\u0027]\", \"learned_xpath_password\": \"INPUT[type\\u003d\\u0027password\\u0027][name\\u003d\\u0027password\\u0027]\", \"learned_xpath_username\": \"INPUT[type\\u003d\\u0027email\\u0027][name\\u003d\\u0027email\\u0027]\"}"
"Bloomfire","https://login.bloomfire.com/","{\"learned_xpath_click\": \"INPUT[class\\u003d\\u0027submit button button_sign-in sign-in button_full\\u0027][name\\u003d\\u0027commit\\u0027][tabindex\\u003d\\u00273\\u0027][type\\u003d\\u0027submit\\u0027]\", \"learned_xpath_password\": \"#user_password\", \"learned_xpath_username\": \"#user_email\"}"
"Blue Cross and Blue Shield of North Carolina","http://www.bcbsnc.com/members/public/?wat_id=blueconnectnc_rd","{\"learned_xpath_click\": \"#login-button\", \"learned_xpath_password\": \"#password\", \"learned_xpath_username\": \"#username\"}"
"Bluebox","https://lookout.force.com/enterprisepartners/CustomCommunityLogin","{\"learned_xpath_username\": \"INPUT[type\\u003d\\u0027text\\u0027][class\\u003d\\u0027user_email form-control\\u0027][placeholder\\u003d\\u0027Email\\u0027]\", \"learned_doc_id_username\": \"-1\", \"learned_xpath_click\": \"BUTTON[class\\u003d\\u0027login-btn\\u0027][type\\u003d\\u0027button\\u0027]\", \"learned_doc_id_password\": \"-1\", \"learned_doc_id_click\": \"-1\", \"learned_xpath_password\": \"[id\\u003d\\u0027j_id0:login-form:password\\u0027]\"}"
"BlueHornet","http://echo.bluehornet.com/ems/auth/login/","{\"learned_xpath_click\": \"HTML BODY DIV DIV FORM DIV UL LI BUTTON.login.button[name\\u003d\\u0027login\\u0027]\", \"learned_xpath_password\": \"#password\", \"learned_xpath_username\": \"#username\"}"
"Bluehost","https://my.bluehost.com/cgi-bin/cplogin","{\"learned_xpath_click\": \"BUTTON[type\\u003d\\u0027submit\\u0027][class\\u003d\\u0027btn_secondary\\u0027][tabindex\\u003d\\u00273\\u0027]\", \"learned_xpath_password\": \"#lpass\", \"learned_xpath_username\": \"#ldomain\"}"
"BMC Software Support","https://bmc.okta.com/login/login.htm","{\"learned_xpath_click\": \"INPUT[class\\u003d\\u0027button button-primary\\u0027][type\\u003d\\u0027submit\\u0027]\", \"learned_xpath_password\": \"INPUT[type\\u003d\\u0027password\\u0027][name\\u003d\\u0027password\\u0027]\", \"learned_xpath_username\": \"INPUT[type\\u003d\\u0027text\\u0027][name\\u003d\\u0027username\\u0027]\"}"
"Bontq","http://www.bontq.com/login.php","{\"learned_xpath_click\": \"TD[class\\u003d\\u0027button_center\\u0027]\", \"learned_xpath_password\": \"#password\", \"learned_xpath_username\": \"INPUT[type\\u003d\\u0027text\\u0027][name\\u003d\\u0027Email\\u0027][class\\u003d\\u0027text_input\\u0027]\"}"
"BookFresh","https://www.bookfresh.com/users/login","{\"learned_xpath_click\": \"BUTTON[type\\u003d\\u0027submit\\u0027][class\\u003d\\u0027btn btn-green btn-large\\u0027]\", \"learned_xpath_password\": \"#user_password\", \"learned_xpath_username\": \"#user_email\"}"
"Boulder Logic","https://www.boulderlogic.com/reference/login.aspx","{\"learned_xpath_click\": \"#mLoginButton\", \"learned_xpath_password\": \"#mPassword\", \"learned_xpath_username\": \"#mEmail\"}"
"Boundary","https://truesight.bmc.com/#/login/pulse","{\"learned_xpath_password_xpath\": \"/html/body/div[6]/div/div/div/article/div[3]/div/form/div[2]/label/input\", \"learned_xpath_username_xpath\": \"/html/body/div[6]/div/div/div/article/div[3]/div/form/div/label/input\", \"learned_xpath_username\": \"INPUT[name\\u003d\\u0027email\\u0027][type\\u003d\\u0027email\\u0027][placeholder\\u003d\\u0027Email Address\\u0027]\", \"learned_doc_id_username\": \"-1\", \"learned_xpath_click_xpath\": \"/html/body/div[6]/div/div/div/article/div[3]/div/form/button\", \"learned_xpath_click\": \"BUTTON[class\\u003d\\u0027login__submit d-button d-button_primary d-button_service d-button_large\\u0027][type\\u003d\\u0027submit\\u0027][ng-disabled\\u003d\\u0027loginForm.$invalid\\u0027]\", \"learned_doc_id_password\": \"-1\", \"learned_doc_id_click\": \"-1\", \"learned_xpath_password\": \"INPUT[name\\u003d\\u0027password\\u0027][type\\u003d\\u0027password\\u0027][placeholder\\u003d\\u0027Password\\u0027]\"}"
"Box.com","https://app.box.com/login/","{\"learned_xpath_username\": \"FORM#login-form DIV LABEL:nth-child(2) INPUT.inp-full-width[name\\u003d\\u0027login\\u0027]\", \"learned_doc_id_username\": \"-1\", \"learned_xpath_click\": \"BUTTON[class\\u003d\\u0027btn btn-primary btn-full-width\\u0027][type\\u003d\\u0027submit\\u0027]\", \"learned_doc_id_password\": \"-1\", \"learned_doc_id_click\": \"-1\", \"learned_xpath_password\": \"INPUT[name\\u003d\\u0027password\\u0027][class\\u003d\\u0027inp-full-width\\u0027][type\\u003d\\u0027password\\u0027]\"}"
"Brady - Tiscor InspectNTrack","https://www.inspectntrack.com/login.aspx","{\"learned_xpath_click\": \"#ctl00_ContentBody_ImageButton1\", \"learned_xpath_password\": \"#ctl00_ContentBody_txtPassword\", \"learned_xpath_username\": \"#ctl00_ContentBody_txtUserName\"}"
"Brandworkz","https://brandworkz.zendesk.com/access/unauthenticated#login","{\"learned_xpath_username\": \"#user_email\", \"learned_doc_id_username\": \"0\", \"learned_xpath_click\": \"INPUT[type\\u003d\\u0027submit\\u0027][name\\u003d\\u0027commit\\u0027][class\\u003d\\u0027button primary\\u0027]\", \"learned_doc_id_password\": \"0\", \"learned_doc_id_click\": \"0\", \"learned_xpath_password\": \"#user_password\"}"
"Bremy (Solution Dynamics)","https://secure.comitgroup.com/index.php","{\"learned_xpath_click\": \"INPUT[type\\u003d\\u0027SUBMIT\\u0027][class\\u003d\\u0027box\\u0027][value\\u003d\\u0027Login\\u0027][name\\u003d\\u0027login\\u0027]\", \"learned_xpath_password\": \"INPUT[type\\u003d\\u0027PASSWORD\\u0027][class\\u003d\\u0027box\\u0027][size\\u003d\\u002725\\u0027][name\\u003d\\u0027password\\u0027]\", \"learned_xpath_username\": \"INPUT[type\\u003d\\u0027TEXT\\u0027][class\\u003d\\u0027box\\u0027][size\\u003d\\u002725\\u0027][name\\u003d\\u0027username\\u0027]\"}"
"Brightcove - Video","https://signin.brightcove.com/login","{\"learned_xpath_click\": \"#signinButton\", \"learned_xpath_password\": \"#password\", \"learned_xpath_username\": \"#email\"}"
"British Airways","http://www.britishairways.com/en-gb/destinations/uk-ireland","{\"learned_xpath_username\": \"#loginid\", \"learned_doc_id_username\": \"-1\", \"learned_xpath_click\": \"FORM[name\\u003d\\u0027navLoginForm\\u0027] BUTTON[type\\u003d\\u0027submit\\u0027]\", \"learned_doc_id_password\": \"-1\", \"learned_doc_id_click\": \"-1\", \"learned_xpath_password\": \"#password\"}"
"British Airways - Executive Club","http://www.britishairways.com/travel/echome/execclub/_gf/en_gb","{\"learned_xpath_click\": \"SECTION[id\\u003d\\u0027ba-body\\u0027] BUTTON[id\\u003d\\u0027ecuserlogbutton\\u0027]\", \"learned_xpath_password\": \"DIV[id\\u003d\\u0027pintr\\u0027] INPUT[id\\u003d\\u0027password\\u0027]\", \"learned_xpath_username\": \"DIV[id\\u003d\\u0027logintr\\u0027] INPUT[id\\u003d\\u0027membershipNumber\\u0027]\"}"
"Brixhq","http://www.brixhq.com/users/sign_in","{\"learned_xpath_click\": \"#app_user_submit\", \"learned_xpath_password\": \"#app_user_password\", \"learned_xpath_username\": \"#app_user_email\"}"
"BroadSoft Exchange","http://xchange.broadsoft.com/php/xchange/","{\"learned_xpath_click\": \"#edit-submit\", \"learned_xpath_password\": \"#edit-pass\", \"learned_xpath_username\": \"#edit-name\"}"
"BrokerOffice","https://www.brokeroffice.com/","{\"learned_xpath_click\": \"#go\", \"learned_xpath_password\": \"#password\", \"learned_xpath_username\": \"#login\"}"
"Bronto","https://app.bronto.com/login/index/login/","{\"learned_xpath_click\": \"#Login_submit\", \"learned_xpath_password\": \"#Login_password\", \"learned_xpath_username\": \"#Login_username\"}"
"BugHost","http://www.bughost.com/login.asp","{\"learned_xpath_click\": \"#cmdLogin\", \"learned_xpath_password\": \"#idPassword\", \"learned_xpath_username\": \"#idEmail\"}"
"Building Engines","http://www.buildingengines.com/login","{\"learned_xpath_username\": \"#j_username\", \"learned_doc_id_username\": \"0\", \"learned_xpath_click\": \"#login_Login\", \"learned_doc_id_password\": \"0\", \"learned_doc_id_click\": \"0\", \"learned_xpath_password\": \"j_password\"}"
"BulkSMS","https://www2.bulksms.com/login.mc","{\"learned_xpath_click\": \"INPUT[type\\u003d\\u0027submit\\u0027][name\\u003d\\u0027submit\\u0027]\", \"learned_xpath_password\": \"INPUT[type\\u003d\\u0027password\\u0027][name\\u003d\\u0027login_password\\u0027][size\\u003d\\u002710\\u0027]\", \"learned_xpath_username\": \"INPUT[type\\u003d\\u0027text\\u0027][name\\u003d\\u0027login_username\\u0027][size\\u003d\\u002710\\u0027][maxlength\\u003d\\u002730\\u0027]\"}"
"Bullhorn","https://www.bullhornstaffing.com/","{\"learned_xpath_click\": \"INPUT[type\\u003d\\u0027submit\\u0027]\", \"learned_xpath_password\": \"INPUT[type\\u003d\\u0027password\\u0027][name\\u003d\\u0027password\\u0027]\", \"learned_xpath_username\": \"INPUT[type\\u003d\\u0027text\\u0027][name\\u003d\\u0027username\\u0027]\"}"
"ByAllAccounts-Partner Login","http://byallaccounts.morningstar.com/partnerportal/index.html","{\"learned_xpath_click\": \"#submitlogin\", \"learned_xpath_password\": \"#usernamefield\", \"learned_xpath_username\": \"#passwordfield\"}"
"CA Technologies","https://www.ca.com/gb/register/login.aspx","{\"learned_xpath_click\": \"#loginSubmit\", \"learned_xpath_password\": \"#PASSWORD\", \"learned_xpath_username\": \"#USER\"}"
"CafePress","https://members.cafepress.com/login","{\"learned_xpath_click\": \"#submit-login-form\", \"learned_xpath_password\": \"#password\", \"learned_xpath_username\": \"#email\"}"
"CainTravel","http://www.caintravel.com/","{\"learned_xpath_click\": \"#L_Submit_Button\", \"learned_xpath_password\": \"#Password1\", \"learned_xpath_username\": \"#Text1\"}"
"CakeMail","https://www.cakemail.com/login","{\"learned_xpath_click\": \"#edit-submit\", \"learned_xpath_password\": \"#edit-password\", \"learned_xpath_username\": \"#edit-email\"}"
"CallRail","https://app.callrail.com/users/sign_in","{\"learned_xpath_click\": \"BUTTON[class\\u003d\\u0027btn btn-call-to-action\\u0027][type\\u003d\\u0027submit\\u0027]\", \"learned_xpath_password\": \"#user_password\", \"learned_xpath_username\": \"#user_email\"}"
"CAMP Systems","http://www.campsystems.com/","{\"learned_xpath_click\": \"INPUT[tabindex\\u003d\\u00275\\u0027][class\\u003d\\u0027btnStyle\\u0027][type\\u003d\\u0027button\\u0027]\", \"learned_xpath_password\": \"#txtPassword\", \"learned_xpath_username\": \"#txtUserID\"}"
"Campaigner","https://secure.campaigner.com/login/login.aspx","{\"learned_xpath_click\": \"#ctl00_MPContent_btnSignIn\", \"learned_xpath_password\": \"#ctl00_MPContent_txtPassword\", \"learned_xpath_username\": \"#ctl00_MPContent_txtUsername\"}"
"Camstar","https://ssl.salesforce.com/secur/login_portal.jsp?orgId=00D000000003wAW&portalId=060000000001JVJ","{\"learned_xpath_click\": \"INPUT[type\\u003d\\u0027submit\\u0027][class\\u003d\\u0027btn\\u0027]\", \"learned_xpath_password\": \"#password\", \"learned_xpath_username\": \"#username\"}"
"Capital IQ","https://www.capitaliq.com/ciqdotnet/login-sso.aspx","{\"learned_xpath_click\": \"#myLoginButton\", \"learned_xpath_password\": \"#password\", \"learned_xpath_username\": \"#username\"}"
"Carbonite","https://account.carbonite.com/Account/LogOn","{\"learned_xpath_click\": \"#logonButton\", \"learned_xpath_password\": \"#Password\", \"learned_xpath_username\": \"#UserName\"}"
"CarlsonWagonlitTravel","https://sso.carlsonwagonlit.com/login.do","{\"learned_xpath_click\": \"HTML BODY DIV DIV DIV DIV DIV FORM BUTTON:nth-child(4)\", \"learned_xpath_password\": \"#password\", \"learned_xpath_username\": \"#user\"}"
"Cart2Cart","https://app.shopping-cart-migration.com/#login","{\"learned_xpath_username\": \"#email-sign-in\", \"learned_doc_id_username\": \"-1\", \"learned_xpath_click\": \"BUTTON[type\\u003d\\u0027submit\\u0027][class\\u003d\\u0027btn btn-success btn-md\\u0027]\", \"learned_doc_id_password\": \"-1\", \"learned_doc_id_click\": \"-1\", \"learned_xpath_password\": \"#password-sign-in\"}"
"Castlight Health","https://us.castlighthealth.com/login","{\"learned_xpath_click\": \"INPUT[type\\u003d\\u0027submit\\u0027][value\\u003d\\u0027Log in\\u0027][name\\u003d\\u0027commit\\u0027][class\\u003d\\u0027submit button\\u0027]\", \"learned_xpath_password\": \"#password_login\", \"learned_xpath_username\": \"#email_login\"}"
"CentreSuite","https://www.centresuite.com/Centre/Public/Logon.aspx","{\"learned_xpath_click\": \"#btnSubmit\", \"learned_xpath_password\": \"#txtPassword\", \"learned_xpath_username\": \"#txtLogonId\"}"
"Ceridian","https://secure.ceridian.com/myceridian2006/login/1,,10003,00.html","{\"learned_xpath_click\": \"#submit\", \"learned_xpath_password\": \"INPUT[type\\u003d\\u0027password\\u0027][name\\u003d\\u0027password\\u0027][size\\u003d\\u002720\\u0027][maxlength\\u003d\\u002721\\u0027][autocomplete\\u003d\\u0027off\\u0027]\", \"learned_xpath_username\": \"INPUT[type\\u003d\\u0027text\\u0027][name\\u003d\\u0027username\\u0027][size\\u003d\\u002720\\u0027][maxlength\\u003d\\u002721\\u0027][autocomplete\\u003d\\u0027off\\u0027]\"}"
"Certify","https://www.certify.com/Login.aspx","{\"learned_xpath_click\": \"#Submit\", \"learned_xpath_password\": \"#7CDB5079534DF37CD06C4E76D141534F\", \"learned_xpath_username\": \"#D53DFAFC76FEBB307AEA38378D6881DA\"}"
"Channel Insight","https://ci.infonow.com/nucleus/workbench.jsp","{\"learned_xpath_click\": \"BUTTON[type\\u003d\\u0027submit\\u0027]\", \"learned_xpath_password\": \"#password\", \"learned_xpath_username\": \"#username\"}"
"ChannelAdvisor","https://login.channeladvisor.com/","{\"learned_xpath_click\": \"#loginBtn\", \"learned_xpath_password\": \"#password\", \"learned_xpath_username\": \"#username\"}"
"ChannelAdvisor Helpdesk","https://login.channeladvisor.com/","{\"learned_xpath_click\": \"#loginBtn\", \"learned_xpath_password\": \"#password\", \"learned_xpath_username\": \"#username\"}"
"Chargify","https://app.chargify.com/login","{\"learned_xpath_username\": \"#user_session_login\", \"learned_doc_id_username\": \"-1\", \"learned_xpath_click\": \"#submit_log_in\", \"learned_doc_id_password\": \"-1\", \"learned_doc_id_click\": \"-1\", \"learned_xpath_password\": \"#user_session_password\"}"
"Chatham Financial","https://chathamdirect.com/login","{\"learned_xpath_click\": \"INPUT[type\\u003d\\u0027submit\\u0027][tabindex\\u003d\\u00273\\u0027][ng-disabled\\u003d\\u0027submitted\\u0027]\", \"learned_xpath_password\": \"#Password\", \"learned_xpath_username\": \"#UserName\"}"
"ChatWork","https://www.chatwork.com/login.php","{\"learned_xpath_click\": \"INPUT[type\\u003d\\u0027submit\\u0027][name\\u003d\\u0027login\\u0027][class\\u003d\\u0027new-theme_button btnPrimary btnLarge\\u0027]\", \"learned_xpath_password\": \"INPUT[type\\u003d\\u0027password\\u0027][name\\u003d\\u0027password\\u0027]\", \"learned_xpath_username\": \"#login_email\"}"
"CheapAir","https://www.cheapair.com/signin","{\"learned_xpath_username\": \"#signInEmail\", \"learned_doc_id_username\": \"-1\", \"learned_xpath_click\": \"#signInBtn\", \"learned_doc_id_password\": \"-1\", \"learned_doc_id_click\": \"-1\", \"learned_xpath_password\": \"#signInPassword\"}"
"Checkvist","https://checkvist.com/auth/login","{\"learned_xpath_click\": \"BUTTON[class\\u003d\\u0027newbut redbut largeBut\\u0027][tabindex\\u003d\\u00274\\u0027]\", \"learned_xpath_password\": \"#user_password\", \"learned_xpath_username\": \"#user_email\"}"
"Cigna - myCigna","https://my.cigna.com/web/public/guest","{\"learned_xpath_click\": \"BUTTON[type\\u003d\\u0027submit\\u0027]\", \"learned_xpath_password\": \"#password\", \"learned_xpath_username\": \"#username\"}"
"Circuit ID","https://www.circuitid.com/secure/login/","{\"learned_xpath_click\": \"#button_login\", \"learned_xpath_password\": \"#vPassword\", \"learned_xpath_username\": \"#vUsername\"}"
"Cisco","https://sso.cisco.com/autho/forms/CDClogin.html","{\"learned_xpath_click\": \"#login-button\", \"learned_xpath_password\": \"#passwordInput\", \"learned_xpath_username\": \"#userInput\"}"
"CitizenServe","https://www.citizenserve.com/citizenserve-login/","{\"learned_xpath_click\": \"FORM[id\\u003d\\u0027LForm\\u0027] A[class\\u003d\\u0027signin\\u0027]\", \"learned_xpath_password\": \"#LForm_Password\", \"learned_xpath_username\": \"#LForm_Username\"}"
"Citrix Online","https://identity.citrix.com/Utility/STS/Sign-In","{\"learned_xpath_password_xpath\": \"/html/body/div[2]/div[2]/div[2]/form/div/div[2]/div/input\", \"learned_xpath_username_xpath\": \"/html/body/div[2]/div[2]/div[2]/form/div/div/input\", \"learned_xpath_username\": \"#userName\", \"learned_doc_id_username\": \"-1\", \"learned_xpath_click_xpath\": \"/html/body/div[2]/div[2]/div[2]/form/div[2]/input\", \"learned_xpath_click\": \"INPUT[type\\u003d\\u0027submit\\u0027]\", \"learned_doc_id_password\": \"-1\", \"learned_doc_id_click\": \"-1\", \"learned_xpath_password\": \"#password\"}"
"Clario Analytics","https://login.clarioanalytics.com/cas/login?service=https%3A%2F%2Fclario.clarioanalytics.com%2Fatrium%2F","{\"learned_xpath_click\": \"BUTTON[type\\u003d\\u0027submit\\u0027]\", \"learned_xpath_password\": \"#pass\", \"learned_xpath_username\": \"#email\"}"
"Clarizen","https://app2.clarizen.com/clarizen/Pages/Service/Login.aspx","{\"learned_xpath_click\": \"#lbtLogin\", \"learned_xpath_password\": \"#txtPassword\", \"learned_xpath_username\": \"#txtLogin\"}"
"ClearCompany","https://app.clearcompany.com/","{\"learned_xpath_password_xpath\": \"/html/body/div[4]/form/div/div/div/div[3]/div[2]/div/input\", \"learned_xpath_username_xpath\": \"/html/body/div[4]/form/div/div/div/div[3]/div/div/input\", \"learned_xpath_username\": \"#UserName\", \"learned_doc_id_username\": \"-1\", \"learned_xpath_click_xpath\": \"/html/body/div[4]/form/div/div/div/div[3]/div[3]/button\", \"learned_xpath_click\": \"BUTTON[type\\u003d\\u0027submit\\u0027][class\\u003d\\u0027js-login-sign-in qa-login-sign-in btn btn-default\\u0027][tabindex\\u003d\\u00273\\u0027]\", \"learned_doc_id_password\": \"-1\", \"learned_doc_id_click\": \"-1\", \"learned_xpath_password\": \"#Password\"}"
"ClearDelta","http://www.cleardelta.com/","{\"learned_xpath_click\": \"INPUT[width\\u003d\\u002732\\u0027][type\\u003d\\u0027image\\u0027][height\\u003d\\u002732\\u0027][src\\u003d\\u0027images/btn_enter.gif\\u0027][value\\u003d\\u0027Submit\\u0027][name\\u003d\\u0027Submit\\u0027]\", \"learned_xpath_password\": \"INPUT[type\\u003d\\u0027password\\u0027][maxlength\\u003d\\u002725\\u0027][size\\u003d\\u002720\\u0027][class\\u003d\\u0027inputbox\\u0027][name\\u003d\\u0027password\\u0027]\", \"learned_xpath_username\": \"INPUT[type\\u003d\\u0027text\\u0027][maxlength\\u003d\\u002725\\u0027][size\\u003d\\u002725\\u0027][class\\u003d\\u0027inputbox\\u0027][name\\u003d\\u0027userid\\u0027]\"}"
"ClearSlide","https://www.clearslide.com/auth/login","{\"learned_xpath_click\": \"#saveForm\", \"learned_xpath_password\": \"#password\", \"learned_xpath_username\": \"#email\"}"
"Clickability","https://cms.clickability.com/cms","{\"learned_xpath_click\": \"#loginBtn\", \"learned_xpath_password\": \"#j_password\", \"learned_xpath_username\": \"#j_username\"}"
"ClickTale","https://login.app.clicktale.com/Login.aspx","{\"learned_xpath_click\": \"#ctl00_MainContentPlaceHolder_LoginButton\", \"learned_xpath_password\": \"#Password\", \"learned_xpath_username\": \"#ctl00_MainContentPlaceHolder_UserName\"}"
"ClickTime","http://www.clicktime.com/?login=true","{\"learned_xpath_click\": \"#loginbutton\", \"learned_xpath_password\": \"#password\", \"learned_xpath_username\": \"#email\"}"
"Clicktools","https://app.clicktools.com/app/login.jsp","{\"learned_xpath_username\": \"#email\", \"learned_doc_id_username\": \"-1\", \"learned_xpath_click\": \"BUTTON[name\\u003d\\u0027method:interactive\\u0027][class\\u003d\\u0027btn btn-primary cald_3D_button_primary\\u0027][type\\u003d\\u0027submit\\u0027]\", \"learned_doc_id_password\": \"-1\", \"learned_doc_id_click\": \"-1\", \"learned_xpath_password\": \"#password\"}"
"Cloud Cruiser","http://www.cloudcruiser.com/wp-login.php","{\"learned_xpath_click\": \"#wp-submit\", \"learned_xpath_password\": \"#user_pass\", \"learned_xpath_username\": \"#user_login\"}"
"Cloud9Analytics","https://central.cloud9analytics.com/CentralApplication/","{\"learned_xpath_click\": \"BUTTON[type\\u003d\\u0027button\\u0027][class\\u003d\\u0027loginBT\\u0027]\", \"learned_xpath_password\": \"INPUT[type\\u003d\\u0027password\\u0027][class\\u003d\\u0027passwordTB\\u0027][placeholder\\u003d\\u0027Password\\u0027]\", \"learned_xpath_username\": \"INPUT[type\\u003d\\u0027text\\u0027][class\\u003d\\u0027userNameTB\\u0027][placeholder\\u003d\\u0027Username\\u0027]\"}"
"Cloudant","https://cloudant.com/sign-in/","{\"learned_xpath_click\": \"#submit\", \"learned_xpath_password\": \"#password\", \"learned_xpath_username\": \"#username\"}"
"CloudApp","https://my.cl.ly/login","{\"learned_xpath_click\": \"INPUT[class\\u003d\\u0027blue button btn_primary\\u0027][data-loading\\u003d\\u0027Signing In\\u0027][name\\u003d\\u0027commit\\u0027][type\\u003d\\u0027submit\\u0027]\", \"learned_xpath_password\": \"#user_session_password\", \"learned_xpath_username\": \"#user_session_email\"}"
"Cloudera","https://www.cloudera.com/content/cloudera/en/user/login.html","{\"learned_xpath_click\": \"#submit\", \"learned_xpath_password\": \"#password\", \"learned_xpath_username\": \"#user\"}"
"CloudFlare","https://www.cloudflare.com/a/login","{\"learned_xpath_password_xpath\": \"/html/body/div[2]/div/div/section/div[1]/form[1]/div/div[2]/div/input\", \"learned_xpath_username_xpath\": \"/html/body/div[2]/div/div/section/div[1]/form[1]/div/div[1]/div/input\", \"learned_xpath_username\": \"INPUT[name\\u003d\\u0027email\\u0027][type\\u003d\\u0027email\\u0027]\", \"learned_doc_id_username\": \"-1\", \"learned_xpath_click_xpath\": \"/html/body/div[2]/div/div/section/div[1]/form[1]/div/div[4]/div/button\", \"learned_xpath_click\": \"BUTTON[class\\u003d\\u0027btn btn-success btn-large width-full\\u0027][type\\u003d\\u0027submit\\u0027]\", \"learned_doc_id_password\": \"-1\", \"learned_doc_id_click\": \"-1\", \"learned_xpath_password\": \"INPUT[name\\u003d\\u0027password\\u0027][type\\u003d\\u0027password\\u0027]\"}"
"Cloudforge","https://app.cloudforge.com/","{\"learned_xpath_click\": \"INPUT[type\\u003d\\u0027submit\\u0027][value\\u003d\\u0027Sign In\\u0027][name\\u003d\\u0027commit\\u0027]\", \"learned_xpath_password\": \"#password\", \"learned_xpath_username\": \"#login\"}"
"CloudShare - Enterprise","https://use.cloudshare.com/login.aspx","{\"learned_xpath_click\": \"#ContentPlaceHolder1_LoginButton\", \"learned_xpath_password\": \"#ContentPlaceHolder1_Password\", \"learned_xpath_username\": \"#ContentPlaceHolder1_UserName\"}"
"CloudShare ProPlus","https://use.cloudshare.com/Pro/Login.mvc","{\"learned_xpath_click\": \"BUTTON[class\\u003d\\u0027autoSubmit newButton\\u0027][type\\u003d\\u0027submit\\u0027]\", \"learned_xpath_password\": \"#password\", \"learned_xpath_username\": \"#email\"}"
"Cloudwords","https://app.cloudwords.com/login.htm","{\"learned_xpath_click\": \"A#login-button SPAN\", \"learned_xpath_password\": \"#j_password\", \"learned_xpath_username\": \"#j_username\"}"
"CMS","http://cmswebaccess.com/","{\"learned_xpath_click\": \"#submits\", \"learned_xpath_password\": \"#txtUserPassword1\", \"learned_xpath_username\": \"#txtUserName1\"}"
"CNN","http://edition.cnn.com/login.html","{\"learned_xpath_click\": \"FORM[id\\u003d\\u0027gigya-login-form\\u0027] INPUT[value\\u003d\\u0027Submit\\u0027]\", \"learned_xpath_password\": \"FORM[id\\u003d\\u0027gigya-login-form\\u0027] INPUT[name\\u003d\\u0027password\\u0027]\", \"learned_xpath_username\": \"FORM[id\\u003d\\u0027gigya-login-form\\u0027] INPUT[name\\u003d\\u0027username\\u0027]\"}"
"coAction","https://coapps.coaction.com/collaborate/","{\"learned_xpath_click\": \"IMG[src\\u003d\\u0027./themes/Default/images/loginbutton_out.gif\\u0027][class\\u003d\\u0027gwt-Image\\u0027]\", \"learned_xpath_password\": \"INPUT[type\\u003d\\u0027password\\u0027][class\\u003d\\u0027myriad13txtbox9\\u0027]\", \"learned_xpath_username\": \"INPUT[type\\u003d\\u0027text\\u0027][class\\u003d\\u0027myriad13txtbox7\\u0027]\"}"
"CoCENTRIX","https://servicedesk.cocentrix.com/Account/Login","{\"learned_xpath_click\": \"BUTTON[type\\u003d\\u0027submit\\u0027][class\\u003d\\u0027btn btn-danger button\\u0027]\", \"learned_xpath_password\": \"#Password\", \"learned_xpath_username\": \"#UserName\"}"
"Comcast","https://login.comcast.net/login","{\"learned_xpath_click\": \"#sign_in\", \"learned_xpath_password\": \"#passwd\", \"learned_xpath_username\": \"#user\"}"
"Comindwork","https://my.comindwork.com/login.aspx","{\"learned_xpath_click\": \"#ctl03_ctl00_ctl03_LoginButton\", \"learned_xpath_password\": \"#ctl03_ctl00_ctl03_password\", \"learned_xpath_username\": \"#ctl03_ctl00_ctl03_login\"}"
"ComplianceDepot","https://www.compliancedepot.com/webapp/login.aspx","{\"learned_xpath_click\": \"#okButton\", \"learned_xpath_password\": \"#passwordTextBox\", \"learned_xpath_username\": \"#userIdTextBox\"}"
"CompuCom","https://source.compucom.com/common/site/signin.aspx","{\"learned_xpath_click\": \"#ctl00__mainContentPlaceHolder_SignInButton\", \"learned_xpath_password\": \"#ctl00__mainContentPlaceHolder_password\", \"learned_xpath_username\": \"#ctl00__mainContentPlaceHolder_emailAddress\"}"
"comScore","https://auth.comscore.com/login/","{\"learned_xpath_click\": \"#login\", \"learned_xpath_password\": \"INPUT[type\\u003d\\u0027password\\u0027][tabindex\\u003d\\u00272\\u0027][size\\u003d\\u002727\\u0027][name\\u003d\\u0027passwd\\u0027]\", \"learned_xpath_username\": \"INPUT[type\\u003d\\u0027text\\u0027][tabindex\\u003d\\u00271\\u0027][size\\u003d\\u002727\\u0027][name\\u003d\\u0027userid\\u0027]\"}"
"Concur","https://www.concursolutions.com/","{\"learned_xpath_click\": \"#btnSubmit\", \"learned_xpath_password\": \"#password\", \"learned_xpath_username\": \"#userid\"}"
"Conductor Searchlight","https://searchlight.conductor.com/login.html","{\"learned_xpath_click\": \"#j_login\", \"learned_xpath_password\": \"#j_password\", \"learned_xpath_username\": \"#j_username\"}"
"ConferenceCalls","https://www.conferencecalls.com/login.asp","{\"learned_xpath_click\": \"INPUT[type\\u003d\\u0027Submit\\u0027][class\\u003d\\u0027btn btn-blue btn-large\\u0027][alt\\u003d\\u0027Login\\u0027]\", \"learned_xpath_password\": \"INPUT[type\\u003d\\u0027password\\u0027][style\\u003d\\u0027margin-bottom:0;\\u0027][maxlength\\u003d\\u002710\\u0027][name\\u003d\\u0027password\\u0027]\", \"learned_xpath_username\": \"INPUT[type\\u003d\\u0027text\\u0027][maxlength\\u003d\\u0027255\\u0027][name\\u003d\\u0027Email\\u0027]\"}"
"ConfirmIT Customersat","https://portal.customersat.com/login.aspx","{\"learned_xpath_click\": \"#btnLogin\", \"learned_xpath_password\": \"#txtPassword\", \"learned_xpath_username\": \"#txtUserName\"}"
"ConfirmIT Express","https://author.confirmit.com/confirm/authoring/confirmitexpress/login.aspx","{\"learned_xpath_click\": \"#__l_LoginButton\", \"learned_xpath_password\": \"#__l_password\", \"learned_xpath_username\": \"#__l_username\"}"
"ConfirmIT Extranet","https://extranet.confirmit.com/login/client.aspx","{\"learned_xpath_click\": \"#p_lt_zoneCenterPage_pageplaceholder_p_lt_zoneInnerPlaceholder_pageplaceholder_p_lt_zoneInnerPageLogin_logonform_Login1_LoginButton\", \"learned_xpath_password\": \"#p_lt_zoneCenterPage_pageplaceholder_p_lt_zoneInnerPlaceholder_pageplaceholder_p_lt_zoneInnerPageLogin_logonform_Login1_Password\", \"learned_xpath_username\": \"#p_lt_zoneCenterPage_pageplaceholder_p_lt_zoneInnerPlaceholder_pageplaceholder_p_lt_zoneInnerPageLogin_logonform_Login1_UserName\"}"
"ConfirmIT Professional","https://author.confirmit.com/confirm/authoring/Login.aspx","{\"learned_xpath_click\": \"#__l_LoginButton\", \"learned_xpath_password\": \"#__l_password\", \"learned_xpath_username\": \"#__l_username\"}"
"ConfirmIT Reportal","https://reportal.us.confirmit.com/reportal/login.aspx","{\"learned_xpath_click\": \"#LoginButton\", \"learned_xpath_password\": \"#__PasswordText\", \"learned_xpath_username\": \"#UsernameText\"}"
"ConfirmIT Translator","https://author.confirmit.com/confirm/translator/login.aspx","{\"learned_xpath_click\": \"#__l_LoginButton\", \"learned_xpath_password\": \"#__l_password\", \"learned_xpath_username\": \"#__l_username\"}"
"ConnectandSell","http://connectandsell.com/wp-login.php","{\"learned_xpath_click\": \"#wp-submit\", \"learned_xpath_password\": \"#user_pass\", \"learned_xpath_username\": \"#user_login\"}"
"ConnectWise","https://na.myconnectwise.net/","{\"learned_xpath_click\": \"INPUT[type\\u003d\\u0027button\\u0027][class\\u003d\\u0027loginButton\\u0027]\", \"learned_xpath_password\": \"#password\", \"learned_xpath_username\": \"#username\"}"
"ConstantContact","https://login.constantcontact.com/login/login.sdo","{\"learned_xpath_click\": \"#login-button\", \"learned_xpath_password\": \"#lpass\", \"learned_xpath_username\": \"#luser\"}"
"Consumer Reports","https://ec.consumerreports.org/ec/cro/sem/login.htm","{\"learned_xpath_password_xpath\": \"/html/body/div[3]/div/div/div[2]/div/form/input[2]\", \"learned_xpath_username_xpath\": \"/html/body/div[3]/div/div/div[2]/div/form/input\", \"learned_xpath_username\": \"#username\", \"learned_doc_id_username\": \"-1\", \"learned_xpath_click_xpath\": \"/html/body/div[3]/div/div/div[2]/div/form/img\", \"learned_xpath_click\": \"IMG[src\\u003d\\u0027/ec/images/bnb/btn_signin.png\\u0027][height\\u003d\\u002745\\u0027][width\\u003d\\u002795\\u0027]\", \"learned_doc_id_password\": \"-1\", \"learned_doc_id_click\": \"-1\", \"learned_xpath_password\": \"#password\"}"
"Contactual Admin Login","https://www.mycontactual.com/CM/login.php","{\"learned_xpath_click\": \"#action-login\", \"learned_xpath_password\": \"#pass\", \"learned_xpath_username\": \"#user\"}"
"Contactual Agent Login","https://www.mycontactual.com/AGUI/login.php","{\"learned_xpath_click\": \"#login_b\", \"learned_xpath_password\": \"#pass\", \"learned_xpath_username\": \"#user\"}"
"Convert","https://www.convertexperiments.com/login","{\"learned_xpath_click\": \"#wp-submit\", \"learned_xpath_password\": \"#user_pass\", \"learned_xpath_username\": \"#user_login\"}"
"Corcentric - Buyers","http://optimaleflow.corcentric.com/","{\"learned_xpath_click\": \"#Login1_btnSubmit\", \"learned_xpath_password\": \"#Login1_txtUsername\", \"learned_xpath_username\": \"#Login1_txtPassword\"}"
"Corcentric - Suppliers","http://eaccess.corcentric.com/","{\"learned_xpath_click\": \"#Login1_btnSubmit\", \"learned_xpath_password\": \"#Login1_txtPassword\", \"learned_xpath_username\": \"#Login1_txtUsername\"}"
"CoreCommerce","https://www.corecommerce.com/login","{\"learned_xpath_click\": \"BUTTON[type\\u003d\\u0027submit\\u0027][class\\u003d\\u0027btn m-t-s btn--1\\u0027]\", \"learned_xpath_password\": \"INPUT[type\\u003d\\u0027password\\u0027][name\\u003d\\u0027password\\u0027][placeholder\\u003d\\u0027Enter your password\\u0027][class\\u003d\\u0027form-control\\u0027]\", \"learned_xpath_username\": \"INPUT[type\\u003d\\u0027text\\u0027][name\\u003d\\u0027userId\\u0027][placeholder\\u003d\\u0027This is usually the email address you signed up with\\u0027][class\\u003d\\u0027form-control\\u0027]\"}"
"Cornerstone OnDemand","https://clients.csod.com/client/clients/default.aspx","{\"learned_xpath_click\": \"#submit\", \"learned_xpath_password\": \"#passWordBox\", \"learned_xpath_username\": \"#userNameBox\"}"
"CorrigoNet","https://corrigonet.corrigo.com/Login/login.aspx","{\"learned_xpath_click\": \"#_loginButton\", \"learned_xpath_password\": \"#password\", \"learned_xpath_username\": \"#username\"}"
"Cosential","https://services.cosential.com/","{\"learned_xpath_click\": \"INPUT[type\\u003d\\u0027submit\\u0027][value\\u003d\\u0027Login\\u0027][class\\u003d\\u0027loginbtn\\u0027]\", \"learned_xpath_password\": \"#password\", \"learned_xpath_username\": \"#username\"}"
"CostcoPhotoCenter","https://www.costcophotocenter.com/Login","{\"learned_xpath_click\": \"#ctl00_ContentPlaceHolder_btnLogin\", \"learned_xpath_password\": \"#txtPassword\", \"learned_xpath_username\": \"#txtEmailAddress\"}"
"Coupa Supplier Network","https://supplier.coupahost.com/","{\"learned_xpath_click\": \"FORM#login-form DIV:nth-child(4) DIV INPUT.btn.btn-primary.btn-block[name\\u003d\\u0027commit\\u0027]\", \"learned_xpath_password\": \"#sessions_password\", \"learned_xpath_username\": \"#sessions_email\"}"
"Coupons","https://www.coupons.com/sign-in","{\"learned_xpath_click\": \"BUTTON[class\\u003d\\u0027btn-cta\\u0027][type\\u003d\\u0027button\\u0027]\", \"learned_xpath_password\": \"#signin-password\", \"learned_xpath_username\": \"#signin-email\"}"
"Coursera","https://accounts.coursera.org/signin","{\"learned_xpath_click\": \"BUTTON[class\\u003d\\u0027btn btn-success coursera-signin-button\\u0027][style\\u003d\\u0027margin-right:10px\\u0027][type\\u003d\\u0027submit\\u0027]\", \"learned_xpath_password\": \"#signin-password\", \"learned_xpath_username\": \"#signin-email\"}"
"Craigslist","https://accounts.craigslist.org/login","{\"learned_xpath_username\": \"#inputEmailHandle\", \"learned_doc_id_username\": \"-1\", \"learned_xpath_click\": \"DIV[class\\u003d\\u0027accountform login-box\\u0027] FORM DIV[class\\u003d\\u0027accountform-actions\\u0027] BUTTON\", \"learned_doc_id_password\": \"-1\", \"learned_doc_id_click\": \"-1\", \"learned_xpath_password\": \"#inputPassword\"}"
"Crash Plan Pro","https://web-lbm-msp.crashplanpro.com/login/#/","{\"learned_xpath_username\": \"INPUT[type\\u003d\\u0027text\\u0027][name\\u003d\\u0027username\\u0027]\", \"learned_doc_id_username\": \"-1\", \"learned_xpath_click\": \"INPUT[type\\u003d\\u0027submit\\u0027][data-test\\u003d\\u0027submit\\u0027][class\\u003d\\u0027btn btn-default btn-flat btn-customizable c42-orange c42-button\\u0027]\", \"learned_doc_id_password\": \"-1\", \"learned_doc_id_click\": \"-1\", \"learned_xpath_password\": \"INPUT[type\\u003d\\u0027password\\u0027][name\\u003d\\u0027password\\u0027]\"}"
"CrashPlan","https://account.crashplan.com/consumer-login/#/","{\"learned_xpath_password_xpath\": \"/html/body/div[2]/div/div/div[1]/form/div[2]/div/input\", \"learned_xpath_username_xpath\": \"/html/body/div[2]/div/div/div[1]/form/div[1]/div/input\", \"learned_xpath_username\": \"INPUT[name\\u003d\\u0027username\\u0027]\", \"learned_doc_id_username\": \"-1\", \"learned_xpath_click_xpath\": \"/html/body/div[2]/div/div/div[1]/form/div[3]/button\", \"learned_xpath_click\": \"BUTTON[type\\u003d\\u0027submit\\u0027][data-test\\u003d\\u0027signin-button\\u0027][class\\u003d\\u0027mui-flat-button mui-enhanced-button mui-is-disabled\\u0027]\", \"learned_doc_id_password\": \"-1\", \"learned_doc_id_click\": \"-1\", \"learned_xpath_password\": \"INPUT[name\\u003d\\u0027password\\u0027]\"}"
"CRGemPerform","https://portal.employee-performance.com/_layouts/emPerformClientPortal/Login.aspx","{\"learned_xpath_click\": \"#eplogin_LoginButton\", \"learned_xpath_password\": \"#eplogin_Password\", \"learned_xpath_username\": \"#eplogin_UserName\"}"
"Criteo","https://advertising.criteo.com/login.aspx","{\"learned_xpath_click\": \"#m1_globalContent_ctlLogin_Login\", \"learned_xpath_password\": \"#m1_globalContent_ctlLogin_Password\", \"learned_xpath_username\": \"#m1_globalContent_ctlLogin_UserName\"}"
"Criteria HireSelect","https://www.criteriacorp.com/hireselect/logon","{\"learned_xpath_click\": \"INPUT[type\\u003d\\u0027submit\\u0027][value\\u003d\\u0027Log In\\u0027]\", \"learned_xpath_password\": \"#password\", \"learned_xpath_username\": \"#emailAddress\"}"
"CrowdFlower Platform","https://make.crowdflower.com/sessions/new","{\"learned_xpath_click\": \"INPUT[class\\u003d\\u0027btn btn-lg btn-primary\\u0027][name\\u003d\\u0027commit\\u0027][type\\u003d\\u0027submit\\u0027]\", \"learned_xpath_password\": \"#session_password\", \"learned_xpath_username\": \"#session_email\"}"
"Crowe Horwath","https://www.crowehorwath.com/member-login.aspx","{\"learned_xpath_password_xpath\": \"/html/body/form/div[3]/div[4]/div/div/div/div[2]/div/div/span/div/div/div[3]/div/table/tbody/tr[1]/td/table/tbody/tr[4]/td/input[1]\", \"learned_xpath_username_xpath\": \"/html/body/form/div[3]/div[4]/div/div/div/div[2]/div/div/span/div/div/div[3]/div/table/tbody/tr[1]/td/table/tbody/tr[2]/td/input[1]\", \"learned_xpath_username\": \"#ctl00_ctl00_cphBodyContent_cphMainContent_edMenuHeader_ucHeader_ctl00_loginControl_UserName\", \"learned_doc_id_username\": \"-1\", \"learned_xpath_click_xpath\": \"/html/body/form/div[3]/div[4]/div/div/div/div[2]/div/div/span/div/div/div[3]/div/table/tbody/tr[1]/td/table/tbody/tr[5]/td/input\", \"learned_xpath_click\": \"#ctl00_ctl00_cphBodyContent_cphMainContent_edMenuHeader_ucHeader_ctl00_loginControl_LoginButton\", \"learned_doc_id_password\": \"-1\", \"learned_doc_id_click\": \"-1\", \"learned_xpath_password\": \"#ctl00_ctl00_cphBodyContent_cphMainContent_edMenuHeader_ucHeader_ctl00_loginControl_Password\"}"
"Current Analysis - Capital Markets","http://www.currentanalysis.com/COMPETE/public_access/Login.aspx","{\"learned_xpath_click\": \"#ctl00_phMain_btnLogin\", \"learned_xpath_password\": \"INPUT[type\\u003d\\u0027password\\u0027][name\\u003d\\u0027sPWD\\u0027][class\\u003d\\u0027text\\u0027]\", \"learned_xpath_username\": \"INPUT[type\\u003d\\u0027text\\u0027][name\\u003d\\u0027sUID\\u0027][class\\u003d\\u0027text\\u0027]\"}"
"CurrentAnalysis","http://www.currentanalysis.com/COMPETE/Login.aspx","{\"learned_xpath_click\": \"#btnLogin\", \"learned_xpath_password\": \"#txtPWD\", \"learned_xpath_username\": \"#txtUID\"}"
"CyberGrants","https://www.cybergrants.com/cybergrants/plsql/buttonbar.frame","{\"learned_xpath_username\": \"#xlogin\", \"learned_doc_id_username\": \"-1\", \"learned_xpath_click\": \"INPUT[type\\u003d\\u0027submit\\u0027]\", \"learned_doc_id_password\": \"-1\", \"learned_doc_id_click\": \"-1\", \"learned_xpath_password\": \"#xpassword\"}"
"Cypress HCM","https://hcm.mycompas.com/staff/custom_login.aspx","{\"learned_xpath_click\": \"#btnLogin\", \"learned_xpath_password\": \"#txtpassword\", \"learned_xpath_username\": \"#txtusername\"}"
"D&H Distributing","https://www.dandh.com/v4/view","{\"learned_xpath_click\": \"#submitButton\", \"learned_xpath_password\": \"#input_pass\", \"learned_xpath_username\": \"#input_userID\"}"
"Daptiv","https://login.daptiv.com/","{\"learned_xpath_click\": \"#login-btn\", \"learned_xpath_password\": \"#password\", \"learned_xpath_username\": \"#email\"}"
"DataSafe - Authorized Subscribers","https://recallsql.datasafe.com/subscribers/Account/Login.cshtml","{\"learned_xpath_click\": \"INPUT[type\\u003d\\u0027submit\\u0027][value\\u003d\\u0027Log in\\u0027]\", \"learned_xpath_password\": \"#password\", \"learned_xpath_username\": \"#username\"}"
"DataSafe - Online Invoices","https://recallsql.datasafe.com/subscribers/Account/Login.cshtml","{\"learned_xpath_click\": \"SECTION[id\\u003d\\u0027loginForm\\u0027] FORM FIELDSET INPUT[type\\u003d\\u0027submit\\u0027]\", \"learned_xpath_password\": \"#password\", \"learned_xpath_username\": \"#username\"}"
"DataVision","http://www.datavis.com/LogIn.asp","{\"learned_xpath_click\": \"INPUT[name\\u003d\\u0027LogIn\\u0027]\", \"learned_xpath_password\": \"INPUT[name\\u003d\\u0027SAPSWD\\u0027]\", \"learned_xpath_username\": \"INPUT[name\\u003d\\u0027SAEMAIL1\\u0027]\"}"
"Datawitness","https://www.datawitness.net/login.php","{\"learned_xpath_click\": \"INPUT[type\\u003d\\u0027submit\\u0027][value\\u003d\\u0027Login\\u0027][name\\u003d\\u0027login_submit\\u0027][class\\u003d\\u0027submit\\u0027]\", \"learned_xpath_password\": \"#password\", \"learned_xpath_username\": \"#username\"}"
"Deacom, Inc.","http://www.deacom.com/Login","{\"learned_xpath_username\": \"#us_loginname\", \"learned_doc_id_username\": \"-1\", \"learned_xpath_click\": \"INPUT[type\\u003d\\u0027submit\\u0027]\", \"learned_doc_id_password\": \"-1\", \"learned_doc_id_click\": \"-1\", \"learned_xpath_password\": \"#us_password\"}"
"Dell Member Purchase Program","https://www.dell.com/sts/passive/transactional/v1/us/en/6099/Transactional/Login/Anonymous","{\"learned_xpath_click\": \"#btnSubmitSignInForm\", \"learned_xpath_password\": \"#Password\", \"learned_xpath_username\": \"INPUT[id\\u003d\\u0027UserName\\u0027][type\\u003d\\u0027text\\u0027]\"}"
"Dell Premier","https://www.dell.com/sts/passive/commercial/v1/us/en/19/Premier/Login/Anonymous?wa=wsignin1.0&wtrealm=http%253a%252f%252fwww.dell.com&wreply=https%253a%252f%252fwww.dell.com%252fidentity%252fv2%252fRedirect&wctx=cht%253dlogin%2526%257eck%253dmn","{\"learned_xpath_click\": \"#btnSubmitSignInForm\", \"learned_xpath_password\": \"#Password\", \"learned_xpath_username\": \"INPUT[id\\u003d\\u0027UserName\\u0027][type\\u003d\\u0027text\\u0027]\"}"
"Dell TechDirect","https://techdirect.dell.com/Portal/DTDLogin.aspx","{\"learned_xpath_click\": \"#_ctl0_ContentPlaceHolder1_mlbLoginButtonLabel\", \"learned_xpath_password\": \"#_ctl0_ContentPlaceHolder1_moPasswordTextBox\", \"learned_xpath_username\": \"#_ctl0_ContentPlaceHolder1_moUserNameTextBox\"}"
"Delta","https://www.delta.com/custlogin/loginPage.action","{\"learned_xpath_click\": \"#submit1\", \"learned_xpath_password\": \"#pwd\", \"learned_xpath_username\": \"#usernm\"}"
"DigiCert","https://www.digicert.com/account/login.php","{\"learned_xpath_click\": \"BUTTON[name\\u003d\\u0027button-clicked\\u0027][class\\u003d\\u0027ks-button blue small\\u0027][type\\u003d\\u0027submit\\u0027]\", \"learned_xpath_password\": \"#password\", \"learned_xpath_username\": \"#username\"}"
"Digital River Connect","https://developers.digitalriver.com/user/login","{\"learned_xpath_click\": \"#edit-submit\", \"learned_xpath_password\": \"#edit-pass\", \"learned_xpath_username\": \"#edit-name\"}"
"Digital River Global Commerce","https://gc.digitalriver.com/gc/ent/login.do","{\"learned_xpath_click\": \"#login\", \"learned_xpath_password\": \"#j_password\", \"learned_xpath_username\": \"#j_username\"}"
"Digital River OneNetworkDirect","http://www.onenetworkdirect.com/index.php","{\"learned_xpath_click\": \"INPUT[type\\u003d\\u0027image\\u0027][src\\u003d\\u0027images/button_go.gif\\u0027][value\\u003d\\u0027Go\\u0027][name\\u003d\\u0027submit\\u0027]\", \"learned_xpath_password\": \"INPUT[type\\u003d\\u0027password\\u0027][class\\u003d\\u0027searchfield\\u0027][name\\u003d\\u0027DL_AUTH_PASSWORD\\u0027]\", \"learned_xpath_username\": \"INPUT[type\\u003d\\u0027text\\u0027][class\\u003d\\u0027searchfield\\u0027][name\\u003d\\u0027DL_AUTH_USERNAME\\u0027]\"}"
"Digium - Astericks","https://idp.digium.com/simplesaml/module.php/core/loginuserpass.php","{\"learned_xpath_click\": \"INPUT[class\\u003d\\u0027orange-button-s\\u0027][type\\u003d\\u0027submit\\u0027][tabindex\\u003d\\u00275\\u0027]\", \"learned_xpath_password\": \"#password\", \"learned_xpath_username\": \"#username\"}"
"Diigo","https://www.diigo.com/sign-in","{\"learned_xpath_click\": \"#loginButton\", \"learned_xpath_password\": \"INPUT[type\\u003d\\u0027password\\u0027][placeholder\\u003d\\u0027Password\\u0027][name\\u003d\\u0027password\\u0027]\", \"learned_xpath_username\": \"INPUT[type\\u003d\\u0027text\\u0027][placeholder\\u003d\\u0027User Name or Email Address\\u0027][name\\u003d\\u0027Username\\u0027]\"}"
"DirectIQ","http://cloud.directiq.com/login.aspx?refUrl=http://cloud.directiq.com/default.aspx","{\"learned_xpath_click\": \"#btnLogin\", \"learned_xpath_password\": \"#txtDIQPassword\", \"learned_xpath_username\": \"#txtDIQUsername\"}"
"Directors Desk","https://secure.directorsdesk.com/login.aspx","{\"learned_xpath_click\": \"#ctl00_MainContent_loginButton\", \"learned_xpath_password\": \"#ctl00_MainContent_passwordField\", \"learned_xpath_username\": \"#ctl00_MainContent_usernameField\"}"
"DiscoverOrg","https://go.discoverydb.com/eui/#/login","{\"learned_xpath_username\": \"#username\", \"learned_doc_id_username\": \"-1\", \"learned_xpath_click\": \"#SignIn\", \"learned_doc_id_password\": \"-1\", \"learned_doc_id_click\": \"-1\", \"learned_xpath_password\": \"#loginPassword\"}"
"DNSstuff","https://www.dnsstuff.com/member/login/","{\"learned_xpath_click\": \"#login_button\", \"learned_xpath_password\": \"#pass\", \"learned_xpath_username\": \"#username\"}"
"docSTAR","http://login.docstar.com/partners/partner-area-login","{\"learned_xpath_click\": \"INPUT[type\\u003d\\u0027submit\\u0027][value\\u003d\\u0027Login\\u0027][class\\u003d\\u0027button\\u0027][name\\u003d\\u0027Submit\\u0027]\", \"learned_xpath_password\": \"#passwd\", \"learned_xpath_username\": \"#username\"}"
"DocumenTree","https://www.documentree.com/login.aspx","{\"learned_xpath_click\": \"#login_btnDesktopLogin\", \"learned_xpath_password\": \"#login_tbxPassword\", \"learned_xpath_username\": \"#login_tbxEmailAddress\"}"
"DocuSign","https://account.docusign.com/#/web/login","{\"learned_xpath_password_xpath\": \"/html/body/div/div/div[2]/div/div/div/form/div[2]/label/input\", \"learned_xpath_username_xpath\": \"/html/body/div/div/div[2]/div/div/div/form/div/label/input\", \"learned_xpath_username\": \"INPUT[name\\u003d\\u0027email\\u0027][type\\u003d\\u0027email\\u0027]\", \"learned_doc_id_username\": \"-1\", \"learned_xpath_click_xpath\": \"/html/body/div/div/div[2]/div/div/div/form/div[4]/span/button\", \"learned_xpath_click\": \"BUTTON[class\\u003d\\u0027btn btn-main btn-lg always-appears-enabled\\u0027][type\\u003d\\u0027submit\\u0027]\", \"learned_doc_id_password\": \"-1\", \"learned_doc_id_click\": \"-1\", \"learned_xpath_password\": \"INPUT[name\\u003d\\u0027password\\u0027][type\\u003d\\u0027password\\u0027]\"}"
"dotPhoto","http://www.dotphoto.com/SignIn.asp","{\"learned_xpath_username\": \"#MemberLogin\", \"learned_doc_id_username\": \"-1\", \"learned_xpath_click\": \"BUTTON[class\\u003d\\u0027btn btn-success\\u0027][type\\u003d\\u0027submit\\u0027]\", \"learned_doc_id_password\": \"-1\", \"learned_doc_id_click\": \"-1\", \"learned_xpath_password\": \"#MemberPassword\"}"
"Dovico","https://login.dovico.com/","{\"learned_xpath_click\": \"#cmdLoginPost\", \"learned_xpath_password\": \"#txtPassword\", \"learned_xpath_username\": \"#txtUserName\"}"
"Dow Jones MetalSource","https://www.fis.dowjones.com/Login.aspx","{\"learned_xpath_click\": \"#ctl00_cphMainContent_centerLogin_btnLogin\", \"learned_xpath_password\": \"#ctl00_cphMainContent_centerLogin_txt_password\", \"learned_xpath_username\": \"#ctl00_cphMainContent_centerLogin_txt_username\"}"
"Dropbox","https://www.dropbox.com/login","{\"learned_xpath_click\": \"DIV[id\\u003d\\u0027regular-login-forms\\u0027] FORM[class\\u003d\\u0027clearfix credentials-form login-form\\u0027] DIV[class\\u003d\\u0027credentials-form__fields\\u0027] DIV[class\\u003d\\u0027clearfix\\u0027] BUTTON[type\\u003d\\u0027submit\\u0027][class\\u003d\\u0027login-button button-primary\\u0027] DIV[class\\u003d\\u0027sign-in-text\\u0027]\", \"learned_xpath_password\": \"INPUT[name\\u003d\\u0027login_password\\u0027]\", \"learned_xpath_username\": \"INPUT[name\\u003d\\u0027login_email\\u0027]\", \"additional_templates\": [{\"url\": \"https://www.dropbox.com/m/login\", \"username\": \"#login_email\", \"password\": \"#login_password\", \"click\": \"INPUT[aria-disabled\\u003d\\u0027false\\u0027][type\\u003d\\u0027submit\\u0027][name\\u003d\\u0027submit\\u0027][class\\u003d\\u0027freshbutton-blue mobile\\u0027]\"}]}"
"DropSend","https://myaccount.dropsend.com/login","{\"learned_xpath_click\": \"IMG[src\\u003d\\u0027/img/button-login-orange.png\\u0027][alt\\u003d\\u0027Login\\u0027]\", \"learned_xpath_password\": \"#mainformpassword\", \"learned_xpath_username\": \"#mainformuseremail\"}"
"Drupal","https://www.drupal.org/user","{\"learned_xpath_click\": \"#edit-submit\", \"learned_xpath_password\": \"#edit-pass\", \"learned_xpath_username\": \"#edit-name\"}"
"Dubai Electricity and Water Authority - Customer","https://www.dewa.gov.ae/en/customer/my-account/login","{\"learned_xpath_click\": \"#loginButton\", \"learned_xpath_password\": \"#form-field-login-main-password\", \"learned_xpath_username\": \"#form-field-login-main-username\"}"
"DynECT Email Delivery","https://email.dynect.net/login/","{\"learned_xpath_username\": \"#dynid\", \"learned_doc_id_username\": \"-1\", \"learned_xpath_click\": \"BUTTON[tabindex\\u003d\\u00270\\u0027][ng-if\\u003d\\u0027!dynidAuthenticating\\u0027][class\\u003d\\u0027uk-button uk-button-primary uk-width-small-1-1 uk-width-medium-1-2 uk-float-right ng-scope\\u0027][name\\u003d\\u0027dynid_login_submit\\u0027][type\\u003d\\u0027submit\\u0027]\", \"learned_doc_id_password\": \"-1\", \"learned_doc_id_click\": \"-1\", \"learned_xpath_password\": \"#password\"}"
"DynECT Managed DNS","https://manage.dynect.net/login/","{\"learned_xpath_username\": \"#dynid\", \"learned_doc_id_username\": \"-1\", \"learned_xpath_click\": \"BUTTON[tabindex\\u003d\\u00270\\u0027][ng-if\\u003d\\u0027!dynidAuthenticating\\u0027][class\\u003d\\u0027uk-button uk-button-primary uk-width-small-1-1 uk-width-medium-1-2 uk-float-right ng-scope\\u0027][name\\u003d\\u0027dynid_login_submit\\u0027][type\\u003d\\u0027submit\\u0027]\", \"learned_doc_id_password\": \"-1\", \"learned_doc_id_click\": \"-1\", \"learned_xpath_password\": \"#password\"}"

