192.168.55.151,new,qtran+ortnew01@pingidentity.com,Password1,PingOne1,cd-1194149368.pingidentity,Free
192.168.55.152,new,qtran+ortnew02@pingidentity.com,Password1,PingOne1,cd-1665640463.pingidentity,Free
192.168.55.171,new,qtran+ortnew02@pingidentity.com,Password1,PingOne1,cd-1665640463.pingidentity,Free
192.168.55.179,new,qtran+ortnew03@pingidentity.com,Password1,PingOne1,cd-1413925792.pingidentity,Free
192.168.55.154,new,qtran+ortnew04@pingidentity.com,Password1,PingOne1,cd-1787375135.pingidentity,Free
192.168.55.32,new,qtran+ortnew05@pingidentity.com,Password1,PingOne1,cd-1783809084.pingidentity,Free
192.168.55.151,production,qtran+ortlegacy01@pingidentity.com,Password1,PingOne1,cd-790251267.pingidentity,Free
192.168.55.152,production,qtran+ortlegacy02@pingidentity.com,Password1,PingOne1,cd-1722565700.pingidentity,Free
192.168.55.154,production,qtran+ortlegacy03@pingidentity.com,Password1,PingOne1,cd-341736468.pingidentity,Free
192.168.55.32,production,qtran+ortlegacy04@pingidentity.com,Password1,PingOne1,cd-1242347457.pingidentity,Free
192.168.55.179,production,qtran+ortlegacy05@pingidentity.com,Password1,PingOne1,cd-209177158.pingidentity,Free
192.168.55.155,production,qtran+ort20@pingidentity.com,Password1,PingOne1,cd-701558470.pingidentity,Free
192.168.55.156,production,qtran+ort20@pingidentity.com,Password1,PingOne1,cd-701558470.pingidentity,Free
192.168.55.157,production,qtran+ort20@pingidentity.com,Password1,PingOne1,cd-701558470.pingidentity,Free
192.168.55.158,production,qtran+ort20@pingidentity.com,Password1,PingOne1,cd-701558470.pingidentity,Free