192.168.55.152,production,qtran+atest3@pingidentity.com,Password1,PingOne1,cd-1432767314.pingidentity,Free
192.168.55.153,production,qtran+atest4@pingidentity.com,Password1,PingOne1,cd-415419017.pingidentity,Free
192.168.55.154,production,qtran+atest5@pingidentity.com,Password1,PingOne1,cd-374866299.pingidentity,Free
192.168.55.164,production,qtran+atest6@pingidentity.com,Password1,PingOne1,cd-1080103159.pingidentity,Free
192.168.55.163,production,qtran+atest7@pingidentity.com,Password1,PingOne1,cd-1329281523.pingidentity,Free
192.168.55.179,production,qtran+atest8@pingidentity.com,Password1,PingOne1,cd-989034481.pingidentity,Free
192.168.55.151,production,qtran+atest9@pingidentity.com,Password1,PingOne1,cd-1691102721.pingidentity,Free
192.168.55.152,production,qtran+atest10@pingidentity.com,Password1,PingOne1,cd-2030799578.pingidentity,Free
192.168.55.155,production,ple+test2@pingidentity.com,Password1,PingOne1,phule-test2,Free
192.168.55.156,production,ple+test2@pingidentity.com,Password1,PingOne1,phule-test2,Free
192.168.55.157,production,ple+test3@pingidentity.com,Password1,PingOne1,cd-1032179267.pingidentity,Free
192.168.55.158,production,ple+test3@pingidentity.com,Password1,PingOne1,cd-1032179267.pingidentity,Free
192.168.55.150,new,qtran+testnew01@pingidentity.com,Password1,PingOne1,cd-1602803265.pingidentity,Free
192.168.55.151,new,qtran+ntest07@pingidentity.com,Password1,PingOne1,cd-1776442870.pingidentity,Free
192.168.55.152,new,qtran+ntest06@pingidentity.com,Password1,PingOne1,cd-1004813878.pingidentity,Free
192.168.55.171,new,qtran+ntest04@pingidentity.com,Password1,PingOne1,cd-290043718.pingidentity,Free
192.168.55.154,new,qtran+ntest05@pingidentity.com,Password1,PingOne1,cd-1316779037.pingidentity,Free
192.168.55.179,new,qtran+ntest09@pingidentity.com,Password1,PingOne1,cd-1086031755.pingidentity,Free
192.168.61.227,new,dluong+test-chrome@pingidentity.com,Password1,PingOne1,test-chrome.pingidentity,Free
192.168.61.227,new,dluong+test-firefox@pingidentity.com,Password1,PingOne1,test-firefox.pingidentity,Free
192.168.61.227,new,dluong+test-ie11@pingidentity.com,Password1,PingOne1,test-ie11.pingidentity,Free
192.168.61.94,new,dluong+test-ie10@pingidentity.com,Password1,PingOne1,test-ie10.pingidentity,Free
192.168.61.95,new,dluong+test-ie9@pingidentity.com,Password1,PingOne1,test-ie9.pingidentity,Free
192.168.61.227,new,dluong+test-edge@pingidentity.com,Password1,PingOne1,test-edge.pingidentity,Free
